"repository","commit","parents","timestamp","literalFiles","sourceFiles"
"foreman","4e032babef7aa30e5d13d7a506abe208945a5dee","f4a3688d3beed8f8448b78583cd93985884cff23","2026-08-28 09:02:28 +08:00","foreman-assistant/src/app/layout/main/main.component.html;foreman-assistant/src/app/shared/toolbar/toolbar.component.html;foreman-assistant/src/main.ts","foreman-assistant/src/app/layout/main/main.component.html;foreman-assistant/src/app/shared/toolbar/toolbar.component.html;foreman-assistant/src/main.ts"
"foreman","f4a3688d3beed8f8448b78583cd93985884cff23","a06bfe22d34f7d446ffffa42e53123330505ebf8","2026-08-20 10:01:22 +08:00","foreman-assistant/src/app/layout/main/main.component.html;foreman-assistant/src/app/shared/toolbar/toolbar.component.html;foreman-assistant/src/main.ts","foreman-assistant/src/app/layout/main/main.component.html;foreman-assistant/src/app/shared/toolbar/toolbar.component.html;foreman-assistant/src/main.ts"
"foreman","a06bfe22d34f7d446ffffa42e53123330505ebf8","f68e59c5449e52eb01099a8c9307a98e3aac1750","2026-08-14 16:09:00 +08:00","",""
"foreman","f68e59c5449e52eb01099a8c9307a98e3aac1750","c4a2a99748e26264ca24e9d363ae7fec3e50a0b8","2026-07-30 12:29:16 +08:00","",""
"foreman","c4a2a99748e26264ca24e9d363ae7fec3e50a0b8","fcf1a4c46ea0a51cade1f51a4734e0b7ba097263","2026-05-27 10:46:47 +08:00","",""
"foreman","fcf1a4c46ea0a51cade1f51a4734e0b7ba097263","dba3978566dc24ce236b4366e447d87cd42fa028","2026-05-13 11:31:41 +08:00","",""
"foreman","dba3978566dc24ce236b4366e447d87cd42fa028","d5b7640277f33bd9f4fbc289bffe0104b4a9b4d9","2026-04-23 10:01:42 +08:00","",""
"foreman","d5b7640277f33bd9f4fbc289bffe0104b4a9b4d9","0f4001f7e77d319495d57c5a8f13e6fa4aa1aed8","2026-03-31 15:11:49 +08:00","",""
"foreman","0f4001f7e77d319495d57c5a8f13e6fa4aa1aed8","6eef9afa9e0d29deee2afea04de9e2cb51a8871b","2026-03-25 07:43:23 +08:00","",""
"foreman","6eef9afa9e0d29deee2afea04de9e2cb51a8871b","e202f9ed779e4ef56983d5762ccf8fee6b72aad3","2026-02-20 16:35:18 +08:00","",""
"foreman","e202f9ed779e4ef56983d5762ccf8fee6b72aad3","5a304d51dc15f1c359ab9cb6c0d50715728d7cd0","2026-01-23 16:12:14 +08:00","",""
"foreman","5a304d51dc15f1c359ab9cb6c0d50715728d7cd0","efa8a17327d5703b8dc74e50b826ca86cdd487c1","2026-01-19 08:50:08 +08:00","",""
"foreman","efa8a17327d5703b8dc74e50b826ca86cdd487c1","80de8c5014d675b7224f4ee4d6b5d279fea3fa34","2025-12-29 11:30:01 +08:00","",""
"foreman","80de8c5014d675b7224f4ee4d6b5d279fea3fa34","ae183e9ab5cb3a76a6d2fcce64e230f7a4ad7033","2025-12-26 08:02:00 +08:00","",""
"foreman","ae183e9ab5cb3a76a6d2fcce64e230f7a4ad7033","abcde46722ea29ae7ffface685dcb2b00b3bb837","2025-11-26 13:06:24 +08:00","",""
"foreman","abcde46722ea29ae7ffface685dcb2b00b3bb837","e088aa155a2ab6e2feacf8cdd2c5776fb3e1ed74","2025-11-24 08:31:53 +08:00","",""
"foreman","e088aa155a2ab6e2feacf8cdd2c5776fb3e1ed74","f17b2731944272d943693dd3e3d0bde0b631a13c","2025-11-07 13:42:40 +08:00","",""
"foreman","f17b2731944272d943693dd3e3d0bde0b631a13c","3008c337707a2543cc8af234a3b1d44e8d0a3d3e","2025-10-27 08:16:29 +08:00","",""
"foreman","3008c337707a2543cc8af234a3b1d44e8d0a3d3e","e97534703d0aff0257224fbbd1528df33895692a","2025-10-20 13:45:43 +08:00","",""
"foreman","e97534703d0aff0257224fbbd1528df33895692a","b8b36fc287f990be11547fda0c3d65e56f7fa8d3","2025-10-17 11:14:48 +08:00","",""
"foreman","b8b36fc287f990be11547fda0c3d65e56f7fa8d3","c75fb1d42e415b25e0fc08646fbbfcdbe3f7e9bd","2025-09-22 08:40:00 +08:00","",""
"foreman","c75fb1d42e415b25e0fc08646fbbfcdbe3f7e9bd","6e0b3ed5bc98b6dd1e5338177a9803d90436e7e8","2025-09-08 08:55:53 +08:00","",""
"foreman","6e0b3ed5bc98b6dd1e5338177a9803d90436e7e8","91861049b3c76acf1f75a5eebd165276cc90e800","2025-09-05 09:19:38 +08:00","",""
"foreman","91861049b3c76acf1f75a5eebd165276cc90e800","995788ff6fbd21fabf8ca3374f81c0b1336bfbea","2025-08-20 08:20:25 +08:00","",""
"foreman","995788ff6fbd21fabf8ca3374f81c0b1336bfbea","81e0c67fc707dc4c48f861727227ad739a473d42","2025-08-13 01:37:58 +08:00","",""
"foreman","81e0c67fc707dc4c48f861727227ad739a473d42","df1cae94b8420788b4e6e3b1ad15a316c70e1074","2025-08-04 12:21:18 +08:00","",""
"foreman","df1cae94b8420788b4e6e3b1ad15a316c70e1074","caa79a11a4ada037e4227499d0940e358ff9976b","2025-08-01 16:25:44 +08:00","",""
"foreman","caa79a11a4ada037e4227499d0940e358ff9976b","8121bd0639f5db4ce60474c9216766d84d98b953","2025-07-22 15:48:19 +08:00","",""
"foreman","8121bd0639f5db4ce60474c9216766d84d98b953","3417ba6167ecf36e7e39b9d2d06cfec07979c835","2025-07-22 08:40:46 +08:00","",""
"foreman","3417ba6167ecf36e7e39b9d2d06cfec07979c835","b04df2c54ce0414165c0818521a1f668d54c2ed6","2025-07-17 08:45:47 +08:00","",""
"foreman","b04df2c54ce0414165c0818521a1f668d54c2ed6","144417a7bdabff5f67a94ecd24eca24a40d87468","2025-07-07 15:41:52 +08:00","",""
"foreman","144417a7bdabff5f67a94ecd24eca24a40d87468","6b9d8d12c30199c8ab8a99507064c29f1ab407ba","2025-06-25 15:00:36 +08:00","",""
"foreman","6b9d8d12c30199c8ab8a99507064c29f1ab407ba","ff169f3510950dd95c798a4fc2f7276e41d65c92","2025-06-24 10:28:38 +08:00","",""
"foreman","ff169f3510950dd95c798a4fc2f7276e41d65c92","93f0a7fe6d3c764a29d90ccea040dbc5a5885193","2025-06-17 08:16:22 +08:00","",""
"foreman","93f0a7fe6d3c764a29d90ccea040dbc5a5885193","86c07b274c0309f1b9f4435e33a48b0a819a7a90","2025-05-28 13:54:58 +08:00","",""
"foreman","86c07b274c0309f1b9f4435e33a48b0a819a7a90","b59d450d40ee2f8f18d3d5fd431fa80086ea16c5","2025-05-28 13:30:07 +08:00","",""
"foreman","b59d450d40ee2f8f18d3d5fd431fa80086ea16c5","043d89ca356c7ba7a45eb89370ed007720264b65","2025-05-28 13:17:04 +08:00","",""
"foreman","043d89ca356c7ba7a45eb89370ed007720264b65","61004d98675802e90c9ddbb4d759d962dcc2418e","2025-05-28 10:39:52 +08:00","",""
"foreman","61004d98675802e90c9ddbb4d759d962dcc2418e","1604b934472b0127dbdfdde907b796717c67944d","2025-05-28 09:37:41 +08:00","",""
"foreman","1604b934472b0127dbdfdde907b796717c67944d","924f12f416a1424dd825b35d8e01f12545f6d48b","2025-05-28 08:05:43 +08:00","",""
"foreman","924f12f416a1424dd825b35d8e01f12545f6d48b","c791bdf5e62cf335de2a784612ea1b8dc1e88667","2025-05-23 11:44:21 +08:00","",""
"foreman","c791bdf5e62cf335de2a784612ea1b8dc1e88667","d8164bc8cb9752b5529126d8d0678a08b51a5c10","2025-05-21 14:43:37 +08:00","",""
"foreman","d8164bc8cb9752b5529126d8d0678a08b51a5c10","98d2b523afdd9c81ca9fe8efd58765f01b0d419f","2025-05-20 14:53:48 +08:00","",""
"foreman","98d2b523afdd9c81ca9fe8efd58765f01b0d419f","f0088b2cfb83b526c6715528c6a43748efa24556","2025-05-14 08:15:29 +08:00","",""
"foreman","f0088b2cfb83b526c6715528c6a43748efa24556","186553f303fa9cf19380a9f6b67e5677c83354f9","2025-05-06 08:13:01 +08:00","",""
"foreman","186553f303fa9cf19380a9f6b67e5677c83354f9","558be5b185ab0f3df4082c380f1c3f3fbb31df7f","2025-04-28 16:08:27 +08:00","",""
"foreman","558be5b185ab0f3df4082c380f1c3f3fbb31df7f","fe8ca11e8cc8dac77a3d172c302bb4fb0cac14d7","2025-04-22 15:09:42 +08:00","",""
"foreman","fe8ca11e8cc8dac77a3d172c302bb4fb0cac14d7","","2025-04-18 14:26:07 +08:00","",""
"faro","937d4a32e725877188a8d8a223529dece0449d4d","96c9fde3b0488382832155cc1a1f091556ca62c5 bad51f62c27175e1b3a40121069601d85565ca91","2026-08-19 11:11:27 +08:00","README.md;src/faro-click-tracking/openspec/changes/add-custom-track-attributes/design.md;src/faro-click-tracking/openspec/changes/add-custom-track-attributes/proposal.md;src/faro-click-tracking/openspec/changes/add-custom-track-attributes/specs/click-tracking-package/spec.md;src/faro-click-tracking/openspec/changes/archive/2026-08-06-link-name-data-attribute/design.md;src/faro-click-tracking/openspec/changes/archive/2026-08-06-link-name-data-attribute/proposal.md;src/faro-click-tracking/openspec/changes/archive/2026-08-06-link-name-data-attribute/specs/click-tracking-package/spec.md;src/faro-click-tracking/openspec/changes/archive/2026-08-06-link-name-data-attribute/tasks.md;src/faro-click-tracking/openspec/changes/host-defined-click-payload/design.md;src/faro-click-tracking/openspec/changes/host-defined-click-payload/proposal.md;src/faro-click-tracking/openspec/changes/host-defined-click-payload/specs/click-tracking-package/spec.md;src/faro-click-tracking/openspec/changes/host-defined-click-payload/tasks.md;src/faro-click-tracking/openspec/changes/opt-in-link-tracking/design.md;src/faro-click-tracking/openspec/changes/opt-in-link-tracking/proposal.md;src/faro-click-tracking/openspec/changes/opt-in-link-tracking/specs/click-tracking-package/spec.md;src/faro-click-tracking/openspec/changes/opt-in-link-tracking/tasks.md;src/faro-click-tracking/openspec/changes/simplify-click-link-name-tracking/design.md;src/faro-click-tracking/openspec/changes/simplify-click-link-name-tracking/proposal.md;src/faro-click-tracking/openspec/changes/simplify-click-link-name-tracking/specs/click-tracking-package/spec.md;src/faro-click-tracking/openspec/changes/simplify-click-link-name-tracking/tasks.md;src/faro-click-tracking/openspec/specs/click-tracking-package/spec.md",""
"faro","bad51f62c27175e1b3a40121069601d85565ca91","1e7235c2b1caf71f05ca3b62c3a2da2700d366f7 68cef4f52f18bd2bf7e6ecd928b5071dca73fbbf","2026-08-18 09:46:59 +08:00","README.md;src/faro-click-tracking/openspec/changes/add-custom-track-attributes/design.md;src/faro-click-tracking/openspec/changes/add-custom-track-attributes/proposal.md;src/faro-click-tracking/openspec/changes/add-custom-track-attributes/specs/click-tracking-package/spec.md;src/faro-click-tracking/openspec/changes/archive/2026-08-06-link-name-data-attribute/design.md;src/faro-click-tracking/openspec/changes/archive/2026-08-06-link-name-data-attribute/proposal.md;src/faro-click-tracking/openspec/changes/archive/2026-08-06-link-name-data-attribute/specs/click-tracking-package/spec.md;src/faro-click-tracking/openspec/changes/archive/2026-08-06-link-name-data-attribute/tasks.md;src/faro-click-tracking/openspec/changes/host-defined-click-payload/design.md;src/faro-click-tracking/openspec/changes/host-defined-click-payload/proposal.md;src/faro-click-tracking/openspec/changes/host-defined-click-payload/specs/click-tracking-package/spec.md;src/faro-click-tracking/openspec/changes/host-defined-click-payload/tasks.md;src/faro-click-tracking/openspec/changes/opt-in-link-tracking/design.md;src/faro-click-tracking/openspec/changes/opt-in-link-tracking/proposal.md;src/faro-click-tracking/openspec/changes/opt-in-link-tracking/specs/click-tracking-package/spec.md;src/faro-click-tracking/openspec/changes/opt-in-link-tracking/tasks.md;src/faro-click-tracking/openspec/changes/simplify-click-link-name-tracking/design.md;src/faro-click-tracking/openspec/changes/simplify-click-link-name-tracking/proposal.md;src/faro-click-tracking/openspec/changes/simplify-click-link-name-tracking/specs/click-tracking-package/spec.md;src/faro-click-tracking/openspec/changes/simplify-click-link-name-tracking/tasks.md;src/faro-click-tracking/openspec/specs/click-tracking-package/spec.md",""
"faro","68cef4f52f18bd2bf7e6ecd928b5071dca73fbbf","43ff0f1cac09a01565b36bc356016f5c95548d2d","2026-08-18 09:46:26 +08:00","README.md;src/faro-click-tracking/openspec/changes/add-custom-track-attributes/design.md;src/faro-click-tracking/openspec/changes/add-custom-track-attributes/proposal.md;src/faro-click-tracking/openspec/changes/add-custom-track-attributes/specs/click-tracking-package/spec.md;src/faro-click-tracking/openspec/changes/archive/2026-08-06-link-name-data-attribute/design.md;src/faro-click-tracking/openspec/changes/archive/2026-08-06-link-name-data-attribute/proposal.md;src/faro-click-tracking/openspec/changes/archive/2026-08-06-link-name-data-attribute/specs/click-tracking-package/spec.md;src/faro-click-tracking/openspec/changes/archive/2026-08-06-link-name-data-attribute/tasks.md;src/faro-click-tracking/openspec/changes/host-defined-click-payload/design.md;src/faro-click-tracking/openspec/changes/host-defined-click-payload/proposal.md;src/faro-click-tracking/openspec/changes/host-defined-click-payload/specs/click-tracking-package/spec.md;src/faro-click-tracking/openspec/changes/host-defined-click-payload/tasks.md;src/faro-click-tracking/openspec/changes/opt-in-link-tracking/design.md;src/faro-click-tracking/openspec/changes/opt-in-link-tracking/proposal.md;src/faro-click-tracking/openspec/changes/opt-in-link-tracking/specs/click-tracking-package/spec.md;src/faro-click-tracking/openspec/changes/opt-in-link-tracking/tasks.md;src/faro-click-tracking/openspec/changes/simplify-click-link-name-tracking/design.md;src/faro-click-tracking/openspec/changes/simplify-click-link-name-tracking/proposal.md;src/faro-click-tracking/openspec/changes/simplify-click-link-name-tracking/specs/click-tracking-package/spec.md;src/faro-click-tracking/openspec/changes/simplify-click-link-name-tracking/tasks.md;src/faro-click-tracking/openspec/specs/click-tracking-package/spec.md",""
"faro","43ff0f1cac09a01565b36bc356016f5c95548d2d","5b33de5e22c0471b9c2b85c25051222080e0f2f0","2026-08-18 08:44:32 +08:00","README.md;src/faro-click-tracking/openspec/changes/add-custom-track-attributes/design.md;src/faro-click-tracking/openspec/changes/add-custom-track-attributes/proposal.md;src/faro-click-tracking/openspec/changes/add-custom-track-attributes/specs/click-tracking-package/spec.md;src/faro-click-tracking/openspec/changes/archive/2026-08-06-link-name-data-attribute/design.md;src/faro-click-tracking/openspec/changes/archive/2026-08-06-link-name-data-attribute/proposal.md;src/faro-click-tracking/openspec/changes/archive/2026-08-06-link-name-data-attribute/specs/click-tracking-package/spec.md;src/faro-click-tracking/openspec/changes/archive/2026-08-06-link-name-data-attribute/tasks.md;src/faro-click-tracking/openspec/changes/host-defined-click-payload/design.md;src/faro-click-tracking/openspec/changes/host-defined-click-payload/proposal.md;src/faro-click-tracking/openspec/changes/host-defined-click-payload/specs/click-tracking-package/spec.md;src/faro-click-tracking/openspec/changes/host-defined-click-payload/tasks.md;src/faro-click-tracking/openspec/changes/opt-in-link-tracking/design.md;src/faro-click-tracking/openspec/changes/opt-in-link-tracking/proposal.md;src/faro-click-tracking/openspec/changes/opt-in-link-tracking/specs/click-tracking-package/spec.md;src/faro-click-tracking/openspec/changes/opt-in-link-tracking/tasks.md;src/faro-click-tracking/openspec/changes/simplify-click-link-name-tracking/design.md;src/faro-click-tracking/openspec/changes/simplify-click-link-name-tracking/proposal.md;src/faro-click-tracking/openspec/changes/simplify-click-link-name-tracking/specs/click-tracking-package/spec.md;src/faro-click-tracking/openspec/changes/simplify-click-link-name-tracking/tasks.md;src/faro-click-tracking/openspec/specs/click-tracking-package/spec.md",""
"faro","5b33de5e22c0471b9c2b85c25051222080e0f2f0","1dcfd6a00714a1056bad63426792d29b8c2bad79","2026-08-17 16:37:28 +08:00","README.md;src/faro-click-tracking/openspec/changes/add-custom-track-attributes/design.md;src/faro-click-tracking/openspec/changes/add-custom-track-attributes/proposal.md;src/faro-click-tracking/openspec/changes/add-custom-track-attributes/specs/click-tracking-package/spec.md;src/faro-click-tracking/openspec/changes/archive/2026-08-06-link-name-data-attribute/design.md;src/faro-click-tracking/openspec/changes/archive/2026-08-06-link-name-data-attribute/proposal.md;src/faro-click-tracking/openspec/changes/archive/2026-08-06-link-name-data-attribute/specs/click-tracking-package/spec.md;src/faro-click-tracking/openspec/changes/archive/2026-08-06-link-name-data-attribute/tasks.md;src/faro-click-tracking/openspec/changes/host-defined-click-payload/design.md;src/faro-click-tracking/openspec/changes/host-defined-click-payload/proposal.md;src/faro-click-tracking/openspec/changes/host-defined-click-payload/specs/click-tracking-package/spec.md;src/faro-click-tracking/openspec/changes/host-defined-click-payload/tasks.md;src/faro-click-tracking/openspec/changes/opt-in-link-tracking/design.md;src/faro-click-tracking/openspec/changes/opt-in-link-tracking/proposal.md;src/faro-click-tracking/openspec/changes/opt-in-link-tracking/specs/click-tracking-package/spec.md;src/faro-click-tracking/openspec/changes/opt-in-link-tracking/tasks.md;src/faro-click-tracking/openspec/changes/simplify-click-link-name-tracking/design.md;src/faro-click-tracking/openspec/changes/simplify-click-link-name-tracking/proposal.md;src/faro-click-tracking/openspec/changes/simplify-click-link-name-tracking/specs/click-tracking-package/spec.md;src/faro-click-tracking/openspec/changes/simplify-click-link-name-tracking/tasks.md;src/faro-click-tracking/openspec/specs/click-tracking-package/spec.md",""
"faro","1dcfd6a00714a1056bad63426792d29b8c2bad79","51b652c5b6edc1bda16b0f56cd5bc5a4d76c9f31","2026-08-17 16:37:19 +08:00","README.md;src/faro-click-tracking/openspec/changes/add-custom-track-attributes/design.md;src/faro-click-tracking/openspec/changes/add-custom-track-attributes/proposal.md;src/faro-click-tracking/openspec/changes/add-custom-track-attributes/specs/click-tracking-package/spec.md;src/faro-click-tracking/openspec/changes/archive/2026-08-06-link-name-data-attribute/design.md;src/faro-click-tracking/openspec/changes/archive/2026-08-06-link-name-data-attribute/proposal.md;src/faro-click-tracking/openspec/changes/archive/2026-08-06-link-name-data-attribute/specs/click-tracking-package/spec.md;src/faro-click-tracking/openspec/changes/archive/2026-08-06-link-name-data-attribute/tasks.md;src/faro-click-tracking/openspec/changes/host-defined-click-payload/design.md;src/faro-click-tracking/openspec/changes/host-defined-click-payload/proposal.md;src/faro-click-tracking/openspec/changes/host-defined-click-payload/specs/click-tracking-package/spec.md;src/faro-click-tracking/openspec/changes/host-defined-click-payload/tasks.md;src/faro-click-tracking/openspec/changes/opt-in-link-tracking/design.md;src/faro-click-tracking/openspec/changes/opt-in-link-tracking/proposal.md;src/faro-click-tracking/openspec/changes/opt-in-link-tracking/specs/click-tracking-package/spec.md;src/faro-click-tracking/openspec/changes/opt-in-link-tracking/tasks.md;src/faro-click-tracking/openspec/changes/simplify-click-link-name-tracking/design.md;src/faro-click-tracking/openspec/changes/simplify-click-link-name-tracking/proposal.md;src/faro-click-tracking/openspec/changes/simplify-click-link-name-tracking/specs/click-tracking-package/spec.md;src/faro-click-tracking/openspec/changes/simplify-click-link-name-tracking/tasks.md;src/faro-click-tracking/openspec/specs/click-tracking-package/spec.md",""
"faro","51b652c5b6edc1bda16b0f56cd5bc5a4d76c9f31","329f76f589f9ad5c503d5522ef0e17e18300c8d6","2026-08-17 15:47:35 +08:00","README.md;src/faro-click-tracking/openspec/changes/add-custom-track-attributes/design.md;src/faro-click-tracking/openspec/changes/add-custom-track-attributes/proposal.md;src/faro-click-tracking/openspec/changes/add-custom-track-attributes/specs/click-tracking-package/spec.md;src/faro-click-tracking/openspec/changes/archive/2026-08-06-link-name-data-attribute/design.md;src/faro-click-tracking/openspec/changes/archive/2026-08-06-link-name-data-attribute/proposal.md;src/faro-click-tracking/openspec/changes/archive/2026-08-06-link-name-data-attribute/specs/click-tracking-package/spec.md;src/faro-click-tracking/openspec/changes/archive/2026-08-06-link-name-data-attribute/tasks.md;src/faro-click-tracking/openspec/changes/host-defined-click-payload/design.md;src/faro-click-tracking/openspec/changes/host-defined-click-payload/proposal.md;src/faro-click-tracking/openspec/changes/host-defined-click-payload/specs/click-tracking-package/spec.md;src/faro-click-tracking/openspec/changes/host-defined-click-payload/tasks.md;src/faro-click-tracking/openspec/changes/opt-in-link-tracking/design.md;src/faro-click-tracking/openspec/changes/opt-in-link-tracking/proposal.md;src/faro-click-tracking/openspec/changes/opt-in-link-tracking/specs/click-tracking-package/spec.md;src/faro-click-tracking/openspec/changes/opt-in-link-tracking/tasks.md;src/faro-click-tracking/openspec/changes/simplify-click-link-name-tracking/design.md;src/faro-click-tracking/openspec/changes/simplify-click-link-name-tracking/proposal.md;src/faro-click-tracking/openspec/changes/simplify-click-link-name-tracking/specs/click-tracking-package/spec.md;src/faro-click-tracking/openspec/changes/simplify-click-link-name-tracking/tasks.md;src/faro-click-tracking/openspec/specs/click-tracking-package/spec.md",""
"faro","329f76f589f9ad5c503d5522ef0e17e18300c8d6","8f44fb68f2c48a38a962dcb0386f067b2e4f82b7","2026-08-17 15:47:20 +08:00","README.md;src/faro-click-tracking/openspec/changes/add-custom-track-attributes/design.md;src/faro-click-tracking/openspec/changes/add-custom-track-attributes/proposal.md;src/faro-click-tracking/openspec/changes/add-custom-track-attributes/specs/click-tracking-package/spec.md;src/faro-click-tracking/openspec/changes/archive/2026-08-06-link-name-data-attribute/design.md;src/faro-click-tracking/openspec/changes/archive/2026-08-06-link-name-data-attribute/proposal.md;src/faro-click-tracking/openspec/changes/archive/2026-08-06-link-name-data-attribute/specs/click-tracking-package/spec.md;src/faro-click-tracking/openspec/changes/archive/2026-08-06-link-name-data-attribute/tasks.md;src/faro-click-tracking/openspec/changes/host-defined-click-payload/design.md;src/faro-click-tracking/openspec/changes/host-defined-click-payload/proposal.md;src/faro-click-tracking/openspec/changes/host-defined-click-payload/specs/click-tracking-package/spec.md;src/faro-click-tracking/openspec/changes/host-defined-click-payload/tasks.md;src/faro-click-tracking/openspec/changes/opt-in-link-tracking/design.md;src/faro-click-tracking/openspec/changes/opt-in-link-tracking/proposal.md;src/faro-click-tracking/openspec/changes/opt-in-link-tracking/specs/click-tracking-package/spec.md;src/faro-click-tracking/openspec/changes/opt-in-link-tracking/tasks.md;src/faro-click-tracking/openspec/changes/simplify-click-link-name-tracking/design.md;src/faro-click-tracking/openspec/changes/simplify-click-link-name-tracking/proposal.md;src/faro-click-tracking/openspec/changes/simplify-click-link-name-tracking/specs/click-tracking-package/spec.md;src/faro-click-tracking/openspec/changes/simplify-click-link-name-tracking/tasks.md;src/faro-click-tracking/openspec/specs/click-tracking-package/spec.md",""
"faro","8f44fb68f2c48a38a962dcb0386f067b2e4f82b7","6f27a667d7e30176157a241788e5a211958df78a 0949499b7e59e1c7ff6b4e481497a754740b2133","2026-08-17 11:23:01 +08:00","README.md;src/faro-click-tracking/openspec/changes/add-custom-track-attributes/design.md;src/faro-click-tracking/openspec/changes/add-custom-track-attributes/proposal.md;src/faro-click-tracking/openspec/changes/add-custom-track-attributes/specs/click-tracking-package/spec.md;src/faro-click-tracking/openspec/changes/archive/2026-08-06-link-name-data-attribute/design.md;src/faro-click-tracking/openspec/changes/archive/2026-08-06-link-name-data-attribute/proposal.md;src/faro-click-tracking/openspec/changes/archive/2026-08-06-link-name-data-attribute/specs/click-tracking-package/spec.md;src/faro-click-tracking/openspec/changes/archive/2026-08-06-link-name-data-attribute/tasks.md;src/faro-click-tracking/openspec/changes/host-defined-click-payload/design.md;src/faro-click-tracking/openspec/changes/host-defined-click-payload/proposal.md;src/faro-click-tracking/openspec/changes/host-defined-click-payload/specs/click-tracking-package/spec.md;src/faro-click-tracking/openspec/changes/host-defined-click-payload/tasks.md;src/faro-click-tracking/openspec/changes/opt-in-link-tracking/design.md;src/faro-click-tracking/openspec/changes/opt-in-link-tracking/proposal.md;src/faro-click-tracking/openspec/changes/opt-in-link-tracking/specs/click-tracking-package/spec.md;src/faro-click-tracking/openspec/changes/opt-in-link-tracking/tasks.md;src/faro-click-tracking/openspec/changes/simplify-click-link-name-tracking/design.md;src/faro-click-tracking/openspec/changes/simplify-click-link-name-tracking/proposal.md;src/faro-click-tracking/openspec/changes/simplify-click-link-name-tracking/specs/click-tracking-package/spec.md;src/faro-click-tracking/openspec/changes/simplify-click-link-name-tracking/tasks.md;src/faro-click-tracking/openspec/specs/click-tracking-package/spec.md",""
"faro","0949499b7e59e1c7ff6b4e481497a754740b2133","98a4554573c98837a6641f2fd241b45a4938e489","2026-08-17 11:21:02 +08:00","README.md;src/faro-click-tracking/openspec/changes/add-custom-track-attributes/design.md;src/faro-click-tracking/openspec/changes/add-custom-track-attributes/proposal.md;src/faro-click-tracking/openspec/changes/add-custom-track-attributes/specs/click-tracking-package/spec.md;src/faro-click-tracking/openspec/changes/archive/2026-08-06-link-name-data-attribute/design.md;src/faro-click-tracking/openspec/changes/archive/2026-08-06-link-name-data-attribute/proposal.md;src/faro-click-tracking/openspec/changes/archive/2026-08-06-link-name-data-attribute/specs/click-tracking-package/spec.md;src/faro-click-tracking/openspec/changes/archive/2026-08-06-link-name-data-attribute/tasks.md;src/faro-click-tracking/openspec/changes/host-defined-click-payload/design.md;src/faro-click-tracking/openspec/changes/host-defined-click-payload/proposal.md;src/faro-click-tracking/openspec/changes/host-defined-click-payload/specs/click-tracking-package/spec.md;src/faro-click-tracking/openspec/changes/host-defined-click-payload/tasks.md;src/faro-click-tracking/openspec/changes/opt-in-link-tracking/design.md;src/faro-click-tracking/openspec/changes/opt-in-link-tracking/proposal.md;src/faro-click-tracking/openspec/changes/opt-in-link-tracking/specs/click-tracking-package/spec.md;src/faro-click-tracking/openspec/changes/opt-in-link-tracking/tasks.md;src/faro-click-tracking/openspec/changes/simplify-click-link-name-tracking/design.md;src/faro-click-tracking/openspec/changes/simplify-click-link-name-tracking/proposal.md;src/faro-click-tracking/openspec/changes/simplify-click-link-name-tracking/specs/click-tracking-package/spec.md;src/faro-click-tracking/openspec/changes/simplify-click-link-name-tracking/tasks.md;src/faro-click-tracking/openspec/specs/click-tracking-package/spec.md",""
"faro","98a4554573c98837a6641f2fd241b45a4938e489","91a30315bb9e1ab7ec5989223428b12e89088139","2026-08-17 11:17:05 +08:00","README.md;src/faro-click-tracking/openspec/changes/add-custom-track-attributes/design.md;src/faro-click-tracking/openspec/changes/add-custom-track-attributes/proposal.md;src/faro-click-tracking/openspec/changes/add-custom-track-attributes/specs/click-tracking-package/spec.md;src/faro-click-tracking/openspec/changes/archive/2026-08-06-link-name-data-attribute/design.md;src/faro-click-tracking/openspec/changes/archive/2026-08-06-link-name-data-attribute/proposal.md;src/faro-click-tracking/openspec/changes/archive/2026-08-06-link-name-data-attribute/specs/click-tracking-package/spec.md;src/faro-click-tracking/openspec/changes/archive/2026-08-06-link-name-data-attribute/tasks.md;src/faro-click-tracking/openspec/changes/host-defined-click-payload/design.md;src/faro-click-tracking/openspec/changes/host-defined-click-payload/proposal.md;src/faro-click-tracking/openspec/changes/host-defined-click-payload/specs/click-tracking-package/spec.md;src/faro-click-tracking/openspec/changes/host-defined-click-payload/tasks.md;src/faro-click-tracking/openspec/changes/opt-in-link-tracking/design.md;src/faro-click-tracking/openspec/changes/opt-in-link-tracking/proposal.md;src/faro-click-tracking/openspec/changes/opt-in-link-tracking/specs/click-tracking-package/spec.md;src/faro-click-tracking/openspec/changes/opt-in-link-tracking/tasks.md;src/faro-click-tracking/openspec/changes/simplify-click-link-name-tracking/design.md;src/faro-click-tracking/openspec/changes/simplify-click-link-name-tracking/proposal.md;src/faro-click-tracking/openspec/changes/simplify-click-link-name-tracking/specs/click-tracking-package/spec.md;src/faro-click-tracking/openspec/changes/simplify-click-link-name-tracking/tasks.md;src/faro-click-tracking/openspec/specs/click-tracking-package/spec.md",""
"faro","91a30315bb9e1ab7ec5989223428b12e89088139","629275d9f5a4a38c99db857e78ace62cbde88bdf","2026-08-17 11:03:30 +08:00","README.md;src/faro-click-tracking/openspec/changes/add-custom-track-attributes/design.md;src/faro-click-tracking/openspec/changes/add-custom-track-attributes/proposal.md;src/faro-click-tracking/openspec/changes/add-custom-track-attributes/specs/click-tracking-package/spec.md;src/faro-click-tracking/openspec/changes/archive/2026-08-06-link-name-data-attribute/design.md;src/faro-click-tracking/openspec/changes/archive/2026-08-06-link-name-data-attribute/proposal.md;src/faro-click-tracking/openspec/changes/archive/2026-08-06-link-name-data-attribute/specs/click-tracking-package/spec.md;src/faro-click-tracking/openspec/changes/archive/2026-08-06-link-name-data-attribute/tasks.md;src/faro-click-tracking/openspec/changes/host-defined-click-payload/design.md;src/faro-click-tracking/openspec/changes/host-defined-click-payload/proposal.md;src/faro-click-tracking/openspec/changes/host-defined-click-payload/specs/click-tracking-package/spec.md;src/faro-click-tracking/openspec/changes/host-defined-click-payload/tasks.md;src/faro-click-tracking/openspec/changes/opt-in-link-tracking/design.md;src/faro-click-tracking/openspec/changes/opt-in-link-tracking/proposal.md;src/faro-click-tracking/openspec/changes/opt-in-link-tracking/specs/click-tracking-package/spec.md;src/faro-click-tracking/openspec/changes/opt-in-link-tracking/tasks.md;src/faro-click-tracking/openspec/changes/simplify-click-link-name-tracking/design.md;src/faro-click-tracking/openspec/changes/simplify-click-link-name-tracking/proposal.md;src/faro-click-tracking/openspec/changes/simplify-click-link-name-tracking/specs/click-tracking-package/spec.md;src/faro-click-tracking/openspec/changes/simplify-click-link-name-tracking/tasks.md;src/faro-click-tracking/openspec/specs/click-tracking-package/spec.md",""
"faro","629275d9f5a4a38c99db857e78ace62cbde88bdf","95dc76bb1f5894aa478564b8c14cb9cf62dc8926","2026-08-17 11:03:17 +08:00","README.md;src/faro-click-tracking/openspec/changes/add-custom-track-attributes/design.md;src/faro-click-tracking/openspec/changes/add-custom-track-attributes/proposal.md;src/faro-click-tracking/openspec/changes/add-custom-track-attributes/specs/click-tracking-package/spec.md;src/faro-click-tracking/openspec/changes/archive/2026-08-06-link-name-data-attribute/design.md;src/faro-click-tracking/openspec/changes/archive/2026-08-06-link-name-data-attribute/proposal.md;src/faro-click-tracking/openspec/changes/archive/2026-08-06-link-name-data-attribute/specs/click-tracking-package/spec.md;src/faro-click-tracking/openspec/changes/archive/2026-08-06-link-name-data-attribute/tasks.md;src/faro-click-tracking/openspec/changes/host-defined-click-payload/design.md;src/faro-click-tracking/openspec/changes/host-defined-click-payload/proposal.md;src/faro-click-tracking/openspec/changes/host-defined-click-payload/specs/click-tracking-package/spec.md;src/faro-click-tracking/openspec/changes/host-defined-click-payload/tasks.md;src/faro-click-tracking/openspec/changes/opt-in-link-tracking/design.md;src/faro-click-tracking/openspec/changes/opt-in-link-tracking/proposal.md;src/faro-click-tracking/openspec/changes/opt-in-link-tracking/specs/click-tracking-package/spec.md;src/faro-click-tracking/openspec/changes/opt-in-link-tracking/tasks.md;src/faro-click-tracking/openspec/changes/simplify-click-link-name-tracking/design.md;src/faro-click-tracking/openspec/changes/simplify-click-link-name-tracking/proposal.md;src/faro-click-tracking/openspec/changes/simplify-click-link-name-tracking/specs/click-tracking-package/spec.md;src/faro-click-tracking/openspec/changes/simplify-click-link-name-tracking/tasks.md;src/faro-click-tracking/openspec/specs/click-tracking-package/spec.md",""
"faro","95dc76bb1f5894aa478564b8c14cb9cf62dc8926","269322f01e922d6b85656e72e06e6cee5fd7294c","2026-08-17 10:17:53 +08:00","README.md;src/faro-click-tracking/openspec/changes/add-custom-track-attributes/design.md;src/faro-click-tracking/openspec/changes/add-custom-track-attributes/proposal.md;src/faro-click-tracking/openspec/changes/add-custom-track-attributes/specs/click-tracking-package/spec.md;src/faro-click-tracking/openspec/changes/archive/2026-08-06-link-name-data-attribute/design.md;src/faro-click-tracking/openspec/changes/archive/2026-08-06-link-name-data-attribute/proposal.md;src/faro-click-tracking/openspec/changes/archive/2026-08-06-link-name-data-attribute/specs/click-tracking-package/spec.md;src/faro-click-tracking/openspec/changes/archive/2026-08-06-link-name-data-attribute/tasks.md;src/faro-click-tracking/openspec/changes/host-defined-click-payload/design.md;src/faro-click-tracking/openspec/changes/host-defined-click-payload/proposal.md;src/faro-click-tracking/openspec/changes/host-defined-click-payload/specs/click-tracking-package/spec.md;src/faro-click-tracking/openspec/changes/host-defined-click-payload/tasks.md;src/faro-click-tracking/openspec/changes/opt-in-link-tracking/design.md;src/faro-click-tracking/openspec/changes/opt-in-link-tracking/proposal.md;src/faro-click-tracking/openspec/changes/opt-in-link-tracking/specs/click-tracking-package/spec.md;src/faro-click-tracking/openspec/changes/opt-in-link-tracking/tasks.md;src/faro-click-tracking/openspec/changes/simplify-click-link-name-tracking/design.md;src/faro-click-tracking/openspec/changes/simplify-click-link-name-tracking/proposal.md;src/faro-click-tracking/openspec/changes/simplify-click-link-name-tracking/specs/click-tracking-package/spec.md;src/faro-click-tracking/openspec/changes/simplify-click-link-name-tracking/tasks.md;src/faro-click-tracking/openspec/specs/click-tracking-package/spec.md",""
"faro","269322f01e922d6b85656e72e06e6cee5fd7294c","18464e867453dda0315ed51297bb17d1360863c6 98d80b570bd52346308f3ce4bf3cd5a563df6156","2026-08-13 16:28:13 +08:00","README.md;src/faro-click-tracking/openspec/changes/add-custom-track-attributes/design.md;src/faro-click-tracking/openspec/changes/add-custom-track-attributes/proposal.md;src/faro-click-tracking/openspec/changes/add-custom-track-attributes/specs/click-tracking-package/spec.md;src/faro-click-tracking/openspec/changes/archive/2026-08-06-link-name-data-attribute/design.md;src/faro-click-tracking/openspec/changes/archive/2026-08-06-link-name-data-attribute/proposal.md;src/faro-click-tracking/openspec/changes/archive/2026-08-06-link-name-data-attribute/specs/click-tracking-package/spec.md;src/faro-click-tracking/openspec/changes/archive/2026-08-06-link-name-data-attribute/tasks.md;src/faro-click-tracking/openspec/changes/host-defined-click-payload/design.md;src/faro-click-tracking/openspec/changes/host-defined-click-payload/proposal.md;src/faro-click-tracking/openspec/changes/host-defined-click-payload/specs/click-tracking-package/spec.md;src/faro-click-tracking/openspec/changes/host-defined-click-payload/tasks.md;src/faro-click-tracking/openspec/changes/opt-in-link-tracking/design.md;src/faro-click-tracking/openspec/changes/opt-in-link-tracking/proposal.md;src/faro-click-tracking/openspec/changes/opt-in-link-tracking/specs/click-tracking-package/spec.md;src/faro-click-tracking/openspec/changes/opt-in-link-tracking/tasks.md;src/faro-click-tracking/openspec/changes/simplify-click-link-name-tracking/design.md;src/faro-click-tracking/openspec/changes/simplify-click-link-name-tracking/proposal.md;src/faro-click-tracking/openspec/changes/simplify-click-link-name-tracking/specs/click-tracking-package/spec.md;src/faro-click-tracking/openspec/changes/simplify-click-link-name-tracking/tasks.md;src/faro-click-tracking/openspec/specs/click-tracking-package/spec.md",""
"faro","98d80b570bd52346308f3ce4bf3cd5a563df6156","35663ab3da00617e79fe948cb01121f84864f7be","2026-08-13 16:20:43 +08:00","README.md;src/faro-click-tracking/openspec/changes/add-custom-track-attributes/design.md;src/faro-click-tracking/openspec/changes/add-custom-track-attributes/proposal.md;src/faro-click-tracking/openspec/changes/add-custom-track-attributes/specs/click-tracking-package/spec.md;src/faro-click-tracking/openspec/changes/archive/2026-08-06-link-name-data-attribute/design.md;src/faro-click-tracking/openspec/changes/archive/2026-08-06-link-name-data-attribute/proposal.md;src/faro-click-tracking/openspec/changes/archive/2026-08-06-link-name-data-attribute/specs/click-tracking-package/spec.md;src/faro-click-tracking/openspec/changes/archive/2026-08-06-link-name-data-attribute/tasks.md;src/faro-click-tracking/openspec/changes/host-defined-click-payload/design.md;src/faro-click-tracking/openspec/changes/host-defined-click-payload/proposal.md;src/faro-click-tracking/openspec/changes/host-defined-click-payload/specs/click-tracking-package/spec.md;src/faro-click-tracking/openspec/changes/host-defined-click-payload/tasks.md;src/faro-click-tracking/openspec/changes/opt-in-link-tracking/design.md;src/faro-click-tracking/openspec/changes/opt-in-link-tracking/proposal.md;src/faro-click-tracking/openspec/changes/opt-in-link-tracking/specs/click-tracking-package/spec.md;src/faro-click-tracking/openspec/changes/opt-in-link-tracking/tasks.md;src/faro-click-tracking/openspec/changes/simplify-click-link-name-tracking/design.md;src/faro-click-tracking/openspec/changes/simplify-click-link-name-tracking/proposal.md;src/faro-click-tracking/openspec/changes/simplify-click-link-name-tracking/specs/click-tracking-package/spec.md;src/faro-click-tracking/openspec/changes/simplify-click-link-name-tracking/tasks.md;src/faro-click-tracking/openspec/specs/click-tracking-package/spec.md",""
"faro","35663ab3da00617e79fe948cb01121f84864f7be","5a2d32166e42d2a3f7b3c643bd5fa9b68c5bdb0c","2026-08-13 16:18:49 +08:00","README.md;src/faro-click-tracking/openspec/changes/add-custom-track-attributes/design.md;src/faro-click-tracking/openspec/changes/add-custom-track-attributes/proposal.md;src/faro-click-tracking/openspec/changes/add-custom-track-attributes/specs/click-tracking-package/spec.md;src/faro-click-tracking/openspec/changes/archive/2026-08-06-link-name-data-attribute/design.md;src/faro-click-tracking/openspec/changes/archive/2026-08-06-link-name-data-attribute/proposal.md;src/faro-click-tracking/openspec/changes/archive/2026-08-06-link-name-data-attribute/specs/click-tracking-package/spec.md;src/faro-click-tracking/openspec/changes/archive/2026-08-06-link-name-data-attribute/tasks.md;src/faro-click-tracking/openspec/changes/host-defined-click-payload/design.md;src/faro-click-tracking/openspec/changes/host-defined-click-payload/proposal.md;src/faro-click-tracking/openspec/changes/host-defined-click-payload/specs/click-tracking-package/spec.md;src/faro-click-tracking/openspec/changes/host-defined-click-payload/tasks.md;src/faro-click-tracking/openspec/changes/opt-in-link-tracking/design.md;src/faro-click-tracking/openspec/changes/opt-in-link-tracking/proposal.md;src/faro-click-tracking/openspec/changes/opt-in-link-tracking/specs/click-tracking-package/spec.md;src/faro-click-tracking/openspec/changes/opt-in-link-tracking/tasks.md;src/faro-click-tracking/openspec/changes/simplify-click-link-name-tracking/design.md;src/faro-click-tracking/openspec/changes/simplify-click-link-name-tracking/proposal.md;src/faro-click-tracking/openspec/changes/simplify-click-link-name-tracking/specs/click-tracking-package/spec.md;src/faro-click-tracking/openspec/changes/simplify-click-link-name-tracking/tasks.md;src/faro-click-tracking/openspec/specs/click-tracking-package/spec.md",""
"faro","5a2d32166e42d2a3f7b3c643bd5fa9b68c5bdb0c","18464e867453dda0315ed51297bb17d1360863c6","2026-08-13 11:51:30 +08:00","README.md;src/faro-click-tracking/openspec/changes/add-custom-track-attributes/design.md;src/faro-click-tracking/openspec/changes/add-custom-track-attributes/proposal.md;src/faro-click-tracking/openspec/changes/add-custom-track-attributes/specs/click-tracking-package/spec.md;src/faro-click-tracking/openspec/changes/archive/2026-08-06-link-name-data-attribute/design.md;src/faro-click-tracking/openspec/changes/archive/2026-08-06-link-name-data-attribute/proposal.md;src/faro-click-tracking/openspec/changes/archive/2026-08-06-link-name-data-attribute/specs/click-tracking-package/spec.md;src/faro-click-tracking/openspec/changes/archive/2026-08-06-link-name-data-attribute/tasks.md;src/faro-click-tracking/openspec/changes/opt-in-link-tracking/design.md;src/faro-click-tracking/openspec/changes/opt-in-link-tracking/proposal.md;src/faro-click-tracking/openspec/changes/opt-in-link-tracking/specs/click-tracking-package/spec.md;src/faro-click-tracking/openspec/changes/opt-in-link-tracking/tasks.md;src/faro-click-tracking/openspec/changes/simplify-click-link-name-tracking/design.md;src/faro-click-tracking/openspec/changes/simplify-click-link-name-tracking/proposal.md;src/faro-click-tracking/openspec/changes/simplify-click-link-name-tracking/specs/click-tracking-package/spec.md;src/faro-click-tracking/openspec/changes/simplify-click-link-name-tracking/tasks.md;src/faro-click-tracking/openspec/specs/click-tracking-package/spec.md",""
"faro","18464e867453dda0315ed51297bb17d1360863c6","a642c75ad5e5f97dc757d87a806d65155caa076d 2f1c4b7d24503a904777ba2c417ba36a3adbcb2e","2026-08-13 11:39:07 +08:00","README.md;src/faro-click-tracking/openspec/changes/add-custom-track-attributes/design.md;src/faro-click-tracking/openspec/changes/add-custom-track-attributes/proposal.md;src/faro-click-tracking/openspec/changes/add-custom-track-attributes/specs/click-tracking-package/spec.md;src/faro-click-tracking/openspec/changes/archive/2026-08-06-link-name-data-attribute/design.md;src/faro-click-tracking/openspec/changes/archive/2026-08-06-link-name-data-attribute/proposal.md;src/faro-click-tracking/openspec/changes/archive/2026-08-06-link-name-data-attribute/specs/click-tracking-package/spec.md;src/faro-click-tracking/openspec/changes/archive/2026-08-06-link-name-data-attribute/tasks.md;src/faro-click-tracking/openspec/changes/opt-in-link-tracking/design.md;src/faro-click-tracking/openspec/changes/opt-in-link-tracking/proposal.md;src/faro-click-tracking/openspec/changes/opt-in-link-tracking/specs/click-tracking-package/spec.md;src/faro-click-tracking/openspec/changes/opt-in-link-tracking/tasks.md;src/faro-click-tracking/openspec/changes/simplify-click-link-name-tracking/design.md;src/faro-click-tracking/openspec/changes/simplify-click-link-name-tracking/proposal.md;src/faro-click-tracking/openspec/changes/simplify-click-link-name-tracking/specs/click-tracking-package/spec.md;src/faro-click-tracking/openspec/changes/simplify-click-link-name-tracking/tasks.md;src/faro-click-tracking/openspec/specs/click-tracking-package/spec.md",""
"faro","2f1c4b7d24503a904777ba2c417ba36a3adbcb2e","b4aa70ee2e59d4a223f5cf9013a30e79eb29e807 a642c75ad5e5f97dc757d87a806d65155caa076d","2026-08-13 11:38:57 +08:00","README.md;src/faro-click-tracking/openspec/changes/add-custom-track-attributes/design.md;src/faro-click-tracking/openspec/changes/add-custom-track-attributes/proposal.md;src/faro-click-tracking/openspec/changes/add-custom-track-attributes/specs/click-tracking-package/spec.md;src/faro-click-tracking/openspec/changes/archive/2026-08-06-link-name-data-attribute/design.md;src/faro-click-tracking/openspec/changes/archive/2026-08-06-link-name-data-attribute/proposal.md;src/faro-click-tracking/openspec/changes/archive/2026-08-06-link-name-data-attribute/specs/click-tracking-package/spec.md;src/faro-click-tracking/openspec/changes/archive/2026-08-06-link-name-data-attribute/tasks.md;src/faro-click-tracking/openspec/changes/opt-in-link-tracking/design.md;src/faro-click-tracking/openspec/changes/opt-in-link-tracking/proposal.md;src/faro-click-tracking/openspec/changes/opt-in-link-tracking/specs/click-tracking-package/spec.md;src/faro-click-tracking/openspec/changes/opt-in-link-tracking/tasks.md;src/faro-click-tracking/openspec/changes/simplify-click-link-name-tracking/design.md;src/faro-click-tracking/openspec/changes/simplify-click-link-name-tracking/proposal.md;src/faro-click-tracking/openspec/changes/simplify-click-link-name-tracking/specs/click-tracking-package/spec.md;src/faro-click-tracking/openspec/changes/simplify-click-link-name-tracking/tasks.md;src/faro-click-tracking/openspec/specs/click-tracking-package/spec.md",""
"faro","a642c75ad5e5f97dc757d87a806d65155caa076d","f3c5a0de0dd267d62a7259748252b5247e734122 17abaa8ff74916d508e1f7ff96bcf55c651b17b7","2026-08-13 10:52:28 +08:00","README.md;src/faro-click-tracking/openspec/changes/add-custom-track-attributes/design.md;src/faro-click-tracking/openspec/changes/add-custom-track-attributes/proposal.md;src/faro-click-tracking/openspec/changes/add-custom-track-attributes/specs/click-tracking-package/spec.md;src/faro-click-tracking/openspec/changes/archive/2026-08-06-link-name-data-attribute/design.md;src/faro-click-tracking/openspec/changes/archive/2026-08-06-link-name-data-attribute/proposal.md;src/faro-click-tracking/openspec/changes/archive/2026-08-06-link-name-data-attribute/specs/click-tracking-package/spec.md;src/faro-click-tracking/openspec/changes/archive/2026-08-06-link-name-data-attribute/tasks.md;src/faro-click-tracking/openspec/changes/opt-in-link-tracking/design.md;src/faro-click-tracking/openspec/changes/opt-in-link-tracking/proposal.md;src/faro-click-tracking/openspec/changes/opt-in-link-tracking/specs/click-tracking-package/spec.md;src/faro-click-tracking/openspec/changes/opt-in-link-tracking/tasks.md;src/faro-click-tracking/openspec/changes/simplify-click-link-name-tracking/design.md;src/faro-click-tracking/openspec/changes/simplify-click-link-name-tracking/proposal.md;src/faro-click-tracking/openspec/changes/simplify-click-link-name-tracking/specs/click-tracking-package/spec.md;src/faro-click-tracking/openspec/changes/simplify-click-link-name-tracking/tasks.md;src/faro-click-tracking/openspec/specs/click-tracking-package/spec.md",""
"faro","17abaa8ff74916d508e1f7ff96bcf55c651b17b7","6fb9c751094bb6bba006332bb8e6fd67bb6de5f6","2026-08-13 10:50:08 +08:00","README.md;src/faro-click-tracking/openspec/changes/add-custom-track-attributes/design.md;src/faro-click-tracking/openspec/changes/add-custom-track-attributes/proposal.md;src/faro-click-tracking/openspec/changes/add-custom-track-attributes/specs/click-tracking-package/spec.md;src/faro-click-tracking/openspec/changes/archive/2026-08-06-link-name-data-attribute/design.md;src/faro-click-tracking/openspec/changes/archive/2026-08-06-link-name-data-attribute/proposal.md;src/faro-click-tracking/openspec/changes/archive/2026-08-06-link-name-data-attribute/specs/click-tracking-package/spec.md;src/faro-click-tracking/openspec/changes/archive/2026-08-06-link-name-data-attribute/tasks.md;src/faro-click-tracking/openspec/changes/opt-in-link-tracking/design.md;src/faro-click-tracking/openspec/changes/opt-in-link-tracking/proposal.md;src/faro-click-tracking/openspec/changes/opt-in-link-tracking/specs/click-tracking-package/spec.md;src/faro-click-tracking/openspec/changes/opt-in-link-tracking/tasks.md;src/faro-click-tracking/openspec/changes/simplify-click-link-name-tracking/design.md;src/faro-click-tracking/openspec/changes/simplify-click-link-name-tracking/proposal.md;src/faro-click-tracking/openspec/changes/simplify-click-link-name-tracking/specs/click-tracking-package/spec.md;src/faro-click-tracking/openspec/changes/simplify-click-link-name-tracking/tasks.md;src/faro-click-tracking/openspec/specs/click-tracking-package/spec.md",""
"faro","6fb9c751094bb6bba006332bb8e6fd67bb6de5f6","f3c5a0de0dd267d62a7259748252b5247e734122","2026-08-13 10:49:56 +08:00","README.md;src/faro-click-tracking/openspec/changes/add-custom-track-attributes/design.md;src/faro-click-tracking/openspec/changes/add-custom-track-attributes/proposal.md;src/faro-click-tracking/openspec/changes/add-custom-track-attributes/specs/click-tracking-package/spec.md;src/faro-click-tracking/openspec/changes/archive/2026-08-06-link-name-data-attribute/design.md;src/faro-click-tracking/openspec/changes/archive/2026-08-06-link-name-data-attribute/proposal.md;src/faro-click-tracking/openspec/changes/archive/2026-08-06-link-name-data-attribute/specs/click-tracking-package/spec.md;src/faro-click-tracking/openspec/changes/archive/2026-08-06-link-name-data-attribute/tasks.md;src/faro-click-tracking/openspec/changes/opt-in-link-tracking/design.md;src/faro-click-tracking/openspec/changes/opt-in-link-tracking/proposal.md;src/faro-click-tracking/openspec/changes/opt-in-link-tracking/specs/click-tracking-package/spec.md;src/faro-click-tracking/openspec/changes/opt-in-link-tracking/tasks.md;src/faro-click-tracking/openspec/changes/simplify-click-link-name-tracking/design.md;src/faro-click-tracking/openspec/changes/simplify-click-link-name-tracking/proposal.md;src/faro-click-tracking/openspec/changes/simplify-click-link-name-tracking/specs/click-tracking-package/spec.md;src/faro-click-tracking/openspec/changes/simplify-click-link-name-tracking/tasks.md;src/faro-click-tracking/openspec/specs/click-tracking-package/spec.md;src/faro-click-tracking/src/click/clickInstrumentation.test.ts;src/faro-click-tracking/src/click/clickInstrumentation.ts;src/faro-click-tracking/src/initFaro.ts","src/faro-click-tracking/src/click/clickInstrumentation.test.ts;src/faro-click-tracking/src/click/clickInstrumentation.ts;src/faro-click-tracking/src/initFaro.ts"
"faro","f3c5a0de0dd267d62a7259748252b5247e734122","a6332069482b792fb97ea2d2eaa6f2d1677a1e01 0ba00bb63d6292223967865563ddac0674575d89","2026-08-12 17:44:26 +08:00","README.md;src/faro-click-tracking/openspec/changes/add-custom-track-attributes/design.md;src/faro-click-tracking/openspec/changes/add-custom-track-attributes/proposal.md;src/faro-click-tracking/openspec/changes/add-custom-track-attributes/specs/click-tracking-package/spec.md;src/faro-click-tracking/openspec/changes/archive/2026-08-06-link-name-data-attribute/design.md;src/faro-click-tracking/openspec/changes/archive/2026-08-06-link-name-data-attribute/proposal.md;src/faro-click-tracking/openspec/changes/archive/2026-08-06-link-name-data-attribute/specs/click-tracking-package/spec.md;src/faro-click-tracking/openspec/changes/archive/2026-08-06-link-name-data-attribute/tasks.md;src/faro-click-tracking/openspec/changes/opt-in-link-tracking/design.md;src/faro-click-tracking/openspec/changes/opt-in-link-tracking/proposal.md;src/faro-click-tracking/openspec/changes/opt-in-link-tracking/specs/click-tracking-package/spec.md;src/faro-click-tracking/openspec/changes/opt-in-link-tracking/tasks.md;src/faro-click-tracking/openspec/specs/click-tracking-package/spec.md;src/faro-click-tracking/src/click/clickInstrumentation.test.ts;src/faro-click-tracking/src/click/clickInstrumentation.ts;src/faro-click-tracking/src/initFaro.ts","src/faro-click-tracking/src/click/clickInstrumentation.test.ts;src/faro-click-tracking/src/click/clickInstrumentation.ts;src/faro-click-tracking/src/initFaro.ts"
"faro","0ba00bb63d6292223967865563ddac0674575d89","83d270f91d1286edceac250b5236784400c3d790","2026-08-12 17:31:47 +08:00","README.md;src/faro-click-tracking/openspec/changes/add-custom-track-attributes/design.md;src/faro-click-tracking/openspec/changes/add-custom-track-attributes/proposal.md;src/faro-click-tracking/openspec/changes/add-custom-track-attributes/specs/click-tracking-package/spec.md;src/faro-click-tracking/openspec/changes/archive/2026-08-06-link-name-data-attribute/design.md;src/faro-click-tracking/openspec/changes/archive/2026-08-06-link-name-data-attribute/proposal.md;src/faro-click-tracking/openspec/changes/archive/2026-08-06-link-name-data-attribute/specs/click-tracking-package/spec.md;src/faro-click-tracking/openspec/changes/archive/2026-08-06-link-name-data-attribute/tasks.md;src/faro-click-tracking/openspec/changes/opt-in-link-tracking/design.md;src/faro-click-tracking/openspec/changes/opt-in-link-tracking/proposal.md;src/faro-click-tracking/openspec/changes/opt-in-link-tracking/specs/click-tracking-package/spec.md;src/faro-click-tracking/openspec/changes/opt-in-link-tracking/tasks.md;src/faro-click-tracking/openspec/specs/click-tracking-package/spec.md;src/faro-click-tracking/src/click/clickInstrumentation.test.ts;src/faro-click-tracking/src/click/clickInstrumentation.ts;src/faro-click-tracking/src/initFaro.ts","src/faro-click-tracking/src/click/clickInstrumentation.test.ts;src/faro-click-tracking/src/click/clickInstrumentation.ts;src/faro-click-tracking/src/initFaro.ts"
"faro","83d270f91d1286edceac250b5236784400c3d790","9512807143ad8b2763bcdbe8527c069c85c0bb63","2026-08-12 17:31:35 +08:00","README.md;src/faro-click-tracking/openspec/changes/add-custom-track-attributes/design.md;src/faro-click-tracking/openspec/changes/add-custom-track-attributes/proposal.md;src/faro-click-tracking/openspec/changes/add-custom-track-attributes/specs/click-tracking-package/spec.md;src/faro-click-tracking/openspec/changes/archive/2026-08-06-link-name-data-attribute/design.md;src/faro-click-tracking/openspec/changes/archive/2026-08-06-link-name-data-attribute/proposal.md;src/faro-click-tracking/openspec/changes/archive/2026-08-06-link-name-data-attribute/specs/click-tracking-package/spec.md;src/faro-click-tracking/openspec/changes/archive/2026-08-06-link-name-data-attribute/tasks.md;src/faro-click-tracking/openspec/changes/opt-in-link-tracking/design.md;src/faro-click-tracking/openspec/changes/opt-in-link-tracking/proposal.md;src/faro-click-tracking/openspec/changes/opt-in-link-tracking/specs/click-tracking-package/spec.md;src/faro-click-tracking/openspec/changes/opt-in-link-tracking/tasks.md;src/faro-click-tracking/openspec/specs/click-tracking-package/spec.md;src/faro-click-tracking/src/click/clickInstrumentation.test.ts;src/faro-click-tracking/src/click/clickInstrumentation.ts;src/faro-click-tracking/src/initFaro.ts","src/faro-click-tracking/src/click/clickInstrumentation.test.ts;src/faro-click-tracking/src/click/clickInstrumentation.ts;src/faro-click-tracking/src/initFaro.ts"
"faro","9512807143ad8b2763bcdbe8527c069c85c0bb63","a6332069482b792fb97ea2d2eaa6f2d1677a1e01","2026-08-12 17:31:26 +08:00","README.md;src/faro-click-tracking/openspec/changes/add-custom-track-attributes/design.md;src/faro-click-tracking/openspec/changes/add-custom-track-attributes/proposal.md;src/faro-click-tracking/openspec/changes/add-custom-track-attributes/specs/click-tracking-package/spec.md;src/faro-click-tracking/openspec/changes/archive/2026-08-06-link-name-data-attribute/design.md;src/faro-click-tracking/openspec/changes/archive/2026-08-06-link-name-data-attribute/proposal.md;src/faro-click-tracking/openspec/changes/archive/2026-08-06-link-name-data-attribute/specs/click-tracking-package/spec.md;src/faro-click-tracking/openspec/changes/archive/2026-08-06-link-name-data-attribute/tasks.md;src/faro-click-tracking/openspec/changes/opt-in-link-tracking/design.md;src/faro-click-tracking/openspec/changes/opt-in-link-tracking/proposal.md;src/faro-click-tracking/openspec/changes/opt-in-link-tracking/specs/click-tracking-package/spec.md;src/faro-click-tracking/openspec/changes/opt-in-link-tracking/tasks.md;src/faro-click-tracking/openspec/specs/click-tracking-package/spec.md;src/faro-click-tracking/src/click/clickInstrumentation.test.ts;src/faro-click-tracking/src/click/clickInstrumentation.ts;src/faro-click-tracking/src/initFaro.ts","src/faro-click-tracking/src/click/clickInstrumentation.test.ts;src/faro-click-tracking/src/click/clickInstrumentation.ts;src/faro-click-tracking/src/initFaro.ts"
"faro","a6332069482b792fb97ea2d2eaa6f2d1677a1e01","b6c261cf0f67f43a73f48e9ec72898a605f3ad61 33085655b2db82a562d2fc6f0a3bb784d95b2627","2026-08-12 15:56:43 +08:00","README.md;src/faro-click-tracking/openspec/changes/archive/2026-08-06-link-name-data-attribute/design.md;src/faro-click-tracking/openspec/changes/archive/2026-08-06-link-name-data-attribute/proposal.md;src/faro-click-tracking/openspec/changes/archive/2026-08-06-link-name-data-attribute/specs/click-tracking-package/spec.md;src/faro-click-tracking/openspec/changes/archive/2026-08-06-link-name-data-attribute/tasks.md;src/faro-click-tracking/openspec/changes/opt-in-link-tracking/design.md;src/faro-click-tracking/openspec/changes/opt-in-link-tracking/proposal.md;src/faro-click-tracking/openspec/changes/opt-in-link-tracking/specs/click-tracking-package/spec.md;src/faro-click-tracking/openspec/changes/opt-in-link-tracking/tasks.md;src/faro-click-tracking/openspec/specs/click-tracking-package/spec.md;src/faro-click-tracking/src/click/clickInstrumentation.test.ts;src/faro-click-tracking/src/click/clickInstrumentation.ts;src/faro-click-tracking/src/initFaro.ts","src/faro-click-tracking/src/click/clickInstrumentation.test.ts;src/faro-click-tracking/src/click/clickInstrumentation.ts;src/faro-click-tracking/src/initFaro.ts"
"faro","33085655b2db82a562d2fc6f0a3bb784d95b2627","1723f807dcd9392ff52376c11a445cc2cb6d3d26","2026-08-12 15:55:42 +08:00","README.md;src/faro-click-tracking/openspec/changes/archive/2026-08-06-link-name-data-attribute/design.md;src/faro-click-tracking/openspec/changes/archive/2026-08-06-link-name-data-attribute/proposal.md;src/faro-click-tracking/openspec/changes/archive/2026-08-06-link-name-data-attribute/specs/click-tracking-package/spec.md;src/faro-click-tracking/openspec/changes/archive/2026-08-06-link-name-data-attribute/tasks.md;src/faro-click-tracking/openspec/changes/opt-in-link-tracking/design.md;src/faro-click-tracking/openspec/changes/opt-in-link-tracking/proposal.md;src/faro-click-tracking/openspec/changes/opt-in-link-tracking/specs/click-tracking-package/spec.md;src/faro-click-tracking/openspec/changes/opt-in-link-tracking/tasks.md;src/faro-click-tracking/openspec/specs/click-tracking-package/spec.md;src/faro-click-tracking/src/click/clickInstrumentation.test.ts;src/faro-click-tracking/src/click/clickInstrumentation.ts;src/faro-click-tracking/src/initFaro.ts","src/faro-click-tracking/src/click/clickInstrumentation.test.ts;src/faro-click-tracking/src/click/clickInstrumentation.ts;src/faro-click-tracking/src/initFaro.ts"
"faro","1723f807dcd9392ff52376c11a445cc2cb6d3d26","0d42e4015d156eaa1cb60d77850523199adbc706","2026-08-12 15:26:57 +08:00","README.md;src/faro-click-tracking/openspec/changes/archive/2026-08-06-link-name-data-attribute/design.md;src/faro-click-tracking/openspec/changes/archive/2026-08-06-link-name-data-attribute/proposal.md;src/faro-click-tracking/openspec/changes/archive/2026-08-06-link-name-data-attribute/specs/click-tracking-package/spec.md;src/faro-click-tracking/openspec/changes/archive/2026-08-06-link-name-data-attribute/tasks.md;src/faro-click-tracking/openspec/changes/opt-in-link-tracking/design.md;src/faro-click-tracking/openspec/changes/opt-in-link-tracking/proposal.md;src/faro-click-tracking/openspec/changes/opt-in-link-tracking/specs/click-tracking-package/spec.md;src/faro-click-tracking/openspec/changes/opt-in-link-tracking/tasks.md;src/faro-click-tracking/openspec/specs/click-tracking-package/spec.md;src/faro-click-tracking/src/click/clickInstrumentation.test.ts;src/faro-click-tracking/src/click/clickInstrumentation.ts;src/faro-click-tracking/src/initFaro.ts","src/faro-click-tracking/src/click/clickInstrumentation.test.ts;src/faro-click-tracking/src/click/clickInstrumentation.ts;src/faro-click-tracking/src/initFaro.ts"
"faro","0d42e4015d156eaa1cb60d77850523199adbc706","1e54a5125df63a154f656edc8beac7d70a9346a9","2026-08-12 15:00:48 +08:00","README.md;src/faro-click-tracking/openspec/changes/archive/2026-08-06-link-name-data-attribute/design.md;src/faro-click-tracking/openspec/changes/archive/2026-08-06-link-name-data-attribute/proposal.md;src/faro-click-tracking/openspec/changes/archive/2026-08-06-link-name-data-attribute/specs/click-tracking-package/spec.md;src/faro-click-tracking/openspec/changes/archive/2026-08-06-link-name-data-attribute/tasks.md;src/faro-click-tracking/openspec/changes/opt-in-link-tracking/design.md;src/faro-click-tracking/openspec/changes/opt-in-link-tracking/proposal.md;src/faro-click-tracking/openspec/changes/opt-in-link-tracking/specs/click-tracking-package/spec.md;src/faro-click-tracking/openspec/changes/opt-in-link-tracking/tasks.md;src/faro-click-tracking/openspec/specs/click-tracking-package/spec.md;src/faro-click-tracking/src/click/clickInstrumentation.test.ts;src/faro-click-tracking/src/click/clickInstrumentation.ts;src/faro-click-tracking/src/initFaro.ts","src/faro-click-tracking/src/click/clickInstrumentation.test.ts;src/faro-click-tracking/src/click/clickInstrumentation.ts;src/faro-click-tracking/src/initFaro.ts"
"faro","1e54a5125df63a154f656edc8beac7d70a9346a9","740353c69a4d9a1fc8db684982148e5b44ebca94","2026-08-12 14:56:15 +08:00","README.md;src/faro-click-tracking/openspec/changes/archive/2026-08-06-link-name-data-attribute/design.md;src/faro-click-tracking/openspec/changes/archive/2026-08-06-link-name-data-attribute/proposal.md;src/faro-click-tracking/openspec/changes/archive/2026-08-06-link-name-data-attribute/specs/click-tracking-package/spec.md;src/faro-click-tracking/openspec/changes/archive/2026-08-06-link-name-data-attribute/tasks.md;src/faro-click-tracking/openspec/changes/opt-in-link-tracking/design.md;src/faro-click-tracking/openspec/changes/opt-in-link-tracking/proposal.md;src/faro-click-tracking/openspec/changes/opt-in-link-tracking/specs/click-tracking-package/spec.md;src/faro-click-tracking/openspec/changes/opt-in-link-tracking/tasks.md;src/faro-click-tracking/openspec/specs/click-tracking-package/spec.md;src/faro-click-tracking/src/click/clickInstrumentation.test.ts;src/faro-click-tracking/src/click/clickInstrumentation.ts;src/faro-click-tracking/src/initFaro.ts","src/faro-click-tracking/src/click/clickInstrumentation.test.ts;src/faro-click-tracking/src/click/clickInstrumentation.ts;src/faro-click-tracking/src/initFaro.ts"
"faro","740353c69a4d9a1fc8db684982148e5b44ebca94","3b72038de7096b40e40a046603a694f36e81984b","2026-08-12 14:56:09 +08:00","README.md;src/faro-click-tracking/openspec/changes/archive/2026-08-06-link-name-data-attribute/design.md;src/faro-click-tracking/openspec/changes/archive/2026-08-06-link-name-data-attribute/proposal.md;src/faro-click-tracking/openspec/changes/archive/2026-08-06-link-name-data-attribute/specs/click-tracking-package/spec.md;src/faro-click-tracking/openspec/changes/archive/2026-08-06-link-name-data-attribute/tasks.md;src/faro-click-tracking/openspec/changes/opt-in-link-tracking/design.md;src/faro-click-tracking/openspec/changes/opt-in-link-tracking/proposal.md;src/faro-click-tracking/openspec/changes/opt-in-link-tracking/specs/click-tracking-package/spec.md;src/faro-click-tracking/openspec/changes/opt-in-link-tracking/tasks.md;src/faro-click-tracking/openspec/specs/click-tracking-package/spec.md;src/faro-click-tracking/src/click/clickInstrumentation.test.ts;src/faro-click-tracking/src/click/clickInstrumentation.ts;src/faro-click-tracking/src/initFaro.ts","src/faro-click-tracking/src/click/clickInstrumentation.test.ts;src/faro-click-tracking/src/click/clickInstrumentation.ts;src/faro-click-tracking/src/initFaro.ts"
"faro","3b72038de7096b40e40a046603a694f36e81984b","2d55119609032acd8808aa38cc22857449de142d","2026-08-12 14:56:03 +08:00","README.md;src/faro-click-tracking/openspec/changes/archive/2026-08-06-link-name-data-attribute/design.md;src/faro-click-tracking/openspec/changes/archive/2026-08-06-link-name-data-attribute/proposal.md;src/faro-click-tracking/openspec/changes/archive/2026-08-06-link-name-data-attribute/specs/click-tracking-package/spec.md;src/faro-click-tracking/openspec/changes/archive/2026-08-06-link-name-data-attribute/tasks.md;src/faro-click-tracking/openspec/changes/opt-in-link-tracking/design.md;src/faro-click-tracking/openspec/changes/opt-in-link-tracking/proposal.md;src/faro-click-tracking/openspec/changes/opt-in-link-tracking/specs/click-tracking-package/spec.md;src/faro-click-tracking/openspec/changes/opt-in-link-tracking/tasks.md;src/faro-click-tracking/openspec/specs/click-tracking-package/spec.md;src/faro-click-tracking/src/click/clickInstrumentation.test.ts;src/faro-click-tracking/src/click/clickInstrumentation.ts;src/faro-click-tracking/src/initFaro.ts","src/faro-click-tracking/src/click/clickInstrumentation.test.ts;src/faro-click-tracking/src/click/clickInstrumentation.ts;src/faro-click-tracking/src/initFaro.ts"
"faro","2d55119609032acd8808aa38cc22857449de142d","96c9fde3b0488382832155cc1a1f091556ca62c5","2026-08-12 14:55:46 +08:00","README.md;src/faro-click-tracking/openspec/changes/archive/2026-08-06-link-name-data-attribute/design.md;src/faro-click-tracking/openspec/changes/archive/2026-08-06-link-name-data-attribute/proposal.md;src/faro-click-tracking/openspec/changes/archive/2026-08-06-link-name-data-attribute/specs/click-tracking-package/spec.md;src/faro-click-tracking/openspec/changes/archive/2026-08-06-link-name-data-attribute/tasks.md;src/faro-click-tracking/openspec/changes/opt-in-link-tracking/design.md;src/faro-click-tracking/openspec/changes/opt-in-link-tracking/proposal.md;src/faro-click-tracking/openspec/changes/opt-in-link-tracking/specs/click-tracking-package/spec.md;src/faro-click-tracking/openspec/changes/opt-in-link-tracking/tasks.md;src/faro-click-tracking/openspec/specs/click-tracking-package/spec.md;src/faro-click-tracking/src/click/clickInstrumentation.test.ts;src/faro-click-tracking/src/click/clickInstrumentation.ts;src/faro-click-tracking/src/initFaro.ts","src/faro-click-tracking/src/click/clickInstrumentation.test.ts;src/faro-click-tracking/src/click/clickInstrumentation.ts;src/faro-click-tracking/src/initFaro.ts"
"faro","96c9fde3b0488382832155cc1a1f091556ca62c5","56dc548a4215f9e0578fc47ef0dbcc2ceaa52222 3dd1b3f9ce160a9a25905b48fce05f9b0afd6d11","2026-08-12 11:58:08 +08:00","README.md;src/faro-click-tracking/openspec/changes/archive/2026-08-06-link-name-data-attribute/design.md;src/faro-click-tracking/openspec/changes/archive/2026-08-06-link-name-data-attribute/proposal.md;src/faro-click-tracking/openspec/changes/archive/2026-08-06-link-name-data-attribute/specs/click-tracking-package/spec.md;src/faro-click-tracking/openspec/changes/archive/2026-08-06-link-name-data-attribute/tasks.md;src/faro-click-tracking/openspec/changes/opt-in-link-tracking/design.md;src/faro-click-tracking/openspec/changes/opt-in-link-tracking/proposal.md;src/faro-click-tracking/openspec/changes/opt-in-link-tracking/specs/click-tracking-package/spec.md;src/faro-click-tracking/openspec/changes/opt-in-link-tracking/tasks.md;src/faro-click-tracking/openspec/specs/click-tracking-package/spec.md;src/faro-click-tracking/src/click/clickInstrumentation.test.ts;src/faro-click-tracking/src/click/clickInstrumentation.ts;src/faro-click-tracking/src/initFaro.ts","src/faro-click-tracking/src/click/clickInstrumentation.test.ts;src/faro-click-tracking/src/click/clickInstrumentation.ts;src/faro-click-tracking/src/initFaro.ts"
"faro","3dd1b3f9ce160a9a25905b48fce05f9b0afd6d11","2ea481c3961304588c8d42866ca352ed7b085a1e 477883826f3a5d139076d9a46a212e30ffb65d3f","2026-08-11 15:41:01 +08:00","README.md;src/faro-click-tracking/openspec/changes/archive/2026-08-06-link-name-data-attribute/design.md;src/faro-click-tracking/openspec/changes/archive/2026-08-06-link-name-data-attribute/proposal.md;src/faro-click-tracking/openspec/changes/archive/2026-08-06-link-name-data-attribute/specs/click-tracking-package/spec.md;src/faro-click-tracking/openspec/changes/archive/2026-08-06-link-name-data-attribute/tasks.md;src/faro-click-tracking/openspec/changes/opt-in-link-tracking/design.md;src/faro-click-tracking/openspec/changes/opt-in-link-tracking/proposal.md;src/faro-click-tracking/openspec/changes/opt-in-link-tracking/specs/click-tracking-package/spec.md;src/faro-click-tracking/openspec/changes/opt-in-link-tracking/tasks.md;src/faro-click-tracking/openspec/specs/click-tracking-package/spec.md;src/faro-click-tracking/src/click/clickInstrumentation.test.ts;src/faro-click-tracking/src/click/clickInstrumentation.ts;src/faro-click-tracking/src/initFaro.ts","src/faro-click-tracking/src/click/clickInstrumentation.test.ts;src/faro-click-tracking/src/click/clickInstrumentation.ts;src/faro-click-tracking/src/initFaro.ts"
"faro","477883826f3a5d139076d9a46a212e30ffb65d3f","edf8ae8511713b87e95d9cb5e60f2681b64e9756","2026-08-11 15:36:11 +08:00","README.md;src/faro-click-tracking/openspec/changes/archive/2026-08-06-link-name-data-attribute/design.md;src/faro-click-tracking/openspec/changes/archive/2026-08-06-link-name-data-attribute/proposal.md;src/faro-click-tracking/openspec/changes/archive/2026-08-06-link-name-data-attribute/specs/click-tracking-package/spec.md;src/faro-click-tracking/openspec/changes/archive/2026-08-06-link-name-data-attribute/tasks.md;src/faro-click-tracking/openspec/changes/opt-in-link-tracking/design.md;src/faro-click-tracking/openspec/changes/opt-in-link-tracking/proposal.md;src/faro-click-tracking/openspec/changes/opt-in-link-tracking/specs/click-tracking-package/spec.md;src/faro-click-tracking/openspec/changes/opt-in-link-tracking/tasks.md;src/faro-click-tracking/openspec/specs/click-tracking-package/spec.md;src/faro-click-tracking/src/click/clickInstrumentation.test.ts;src/faro-click-tracking/src/click/clickInstrumentation.ts;src/faro-click-tracking/src/initFaro.ts","src/faro-click-tracking/src/click/clickInstrumentation.test.ts;src/faro-click-tracking/src/click/clickInstrumentation.ts;src/faro-click-tracking/src/initFaro.ts"
"faro","edf8ae8511713b87e95d9cb5e60f2681b64e9756","776472dbe536cd692e7d456cf9f9e06c5cee5b89","2026-08-11 15:25:48 +08:00","README.md;src/faro-click-tracking/openspec/changes/archive/2026-08-06-link-name-data-attribute/design.md;src/faro-click-tracking/openspec/changes/archive/2026-08-06-link-name-data-attribute/proposal.md;src/faro-click-tracking/openspec/changes/archive/2026-08-06-link-name-data-attribute/specs/click-tracking-package/spec.md;src/faro-click-tracking/openspec/changes/archive/2026-08-06-link-name-data-attribute/tasks.md;src/faro-click-tracking/openspec/changes/opt-in-link-tracking/design.md;src/faro-click-tracking/openspec/changes/opt-in-link-tracking/proposal.md;src/faro-click-tracking/openspec/changes/opt-in-link-tracking/specs/click-tracking-package/spec.md;src/faro-click-tracking/openspec/changes/opt-in-link-tracking/tasks.md;src/faro-click-tracking/openspec/specs/click-tracking-package/spec.md;src/faro-click-tracking/src/click/clickInstrumentation.test.ts;src/faro-click-tracking/src/click/clickInstrumentation.ts;src/faro-click-tracking/src/initFaro.ts","src/faro-click-tracking/src/click/clickInstrumentation.test.ts;src/faro-click-tracking/src/click/clickInstrumentation.ts;src/faro-click-tracking/src/initFaro.ts"
"faro","776472dbe536cd692e7d456cf9f9e06c5cee5b89","2ea481c3961304588c8d42866ca352ed7b085a1e","2026-08-11 15:25:34 +08:00","README.md;src/faro-click-tracking/openspec/changes/archive/2026-08-06-link-name-data-attribute/design.md;src/faro-click-tracking/openspec/changes/archive/2026-08-06-link-name-data-attribute/proposal.md;src/faro-click-tracking/openspec/changes/archive/2026-08-06-link-name-data-attribute/specs/click-tracking-package/spec.md;src/faro-click-tracking/openspec/changes/archive/2026-08-06-link-name-data-attribute/tasks.md;src/faro-click-tracking/openspec/changes/opt-in-link-tracking/design.md;src/faro-click-tracking/openspec/changes/opt-in-link-tracking/proposal.md;src/faro-click-tracking/openspec/changes/opt-in-link-tracking/specs/click-tracking-package/spec.md;src/faro-click-tracking/openspec/changes/opt-in-link-tracking/tasks.md;src/faro-click-tracking/openspec/specs/click-tracking-package/spec.md;src/faro-click-tracking/src/click/clickInstrumentation.test.ts;src/faro-click-tracking/src/click/clickInstrumentation.ts","src/faro-click-tracking/src/click/clickInstrumentation.test.ts;src/faro-click-tracking/src/click/clickInstrumentation.ts"
"faro","2ea481c3961304588c8d42866ca352ed7b085a1e","43f6fd628b66b635c98aaf507917a8f573af8322 ec8264da186e2402c5bdae97a3701921aee8a9e4","2026-08-11 11:37:45 +08:00","README.md;src/faro-click-tracking/openspec/changes/archive/2026-08-06-link-name-data-attribute/design.md;src/faro-click-tracking/openspec/changes/archive/2026-08-06-link-name-data-attribute/proposal.md;src/faro-click-tracking/openspec/changes/archive/2026-08-06-link-name-data-attribute/specs/click-tracking-package/spec.md;src/faro-click-tracking/openspec/changes/archive/2026-08-06-link-name-data-attribute/tasks.md;src/faro-click-tracking/openspec/specs/click-tracking-package/spec.md;src/faro-click-tracking/src/click/clickInstrumentation.test.ts;src/faro-click-tracking/src/click/clickInstrumentation.ts","src/faro-click-tracking/src/click/clickInstrumentation.test.ts;src/faro-click-tracking/src/click/clickInstrumentation.ts"
"faro","ec8264da186e2402c5bdae97a3701921aee8a9e4","dca9fbd3525341ebf2cf53c181342b55552665ef","2026-08-11 11:34:51 +08:00","README.md;src/faro-click-tracking/openspec/changes/archive/2026-08-06-link-name-data-attribute/design.md;src/faro-click-tracking/openspec/changes/archive/2026-08-06-link-name-data-attribute/proposal.md;src/faro-click-tracking/openspec/changes/archive/2026-08-06-link-name-data-attribute/specs/click-tracking-package/spec.md;src/faro-click-tracking/openspec/changes/archive/2026-08-06-link-name-data-attribute/tasks.md;src/faro-click-tracking/openspec/specs/click-tracking-package/spec.md;src/faro-click-tracking/src/click/clickInstrumentation.test.ts;src/faro-click-tracking/src/click/clickInstrumentation.ts","src/faro-click-tracking/src/click/clickInstrumentation.test.ts;src/faro-click-tracking/src/click/clickInstrumentation.ts"
"faro","dca9fbd3525341ebf2cf53c181342b55552665ef","f48dc14a6672a6eb4b60cc01e2e56d75bdf23b7d","2026-08-11 11:33:07 +08:00","README.md;src/faro-click-tracking/openspec/changes/archive/2026-08-06-link-name-data-attribute/design.md;src/faro-click-tracking/openspec/changes/archive/2026-08-06-link-name-data-attribute/proposal.md;src/faro-click-tracking/openspec/changes/archive/2026-08-06-link-name-data-attribute/specs/click-tracking-package/spec.md;src/faro-click-tracking/openspec/changes/archive/2026-08-06-link-name-data-attribute/tasks.md;src/faro-click-tracking/openspec/specs/click-tracking-package/spec.md;src/faro-click-tracking/src/click/clickInstrumentation.test.ts;src/faro-click-tracking/src/click/clickInstrumentation.ts","src/faro-click-tracking/src/click/clickInstrumentation.test.ts;src/faro-click-tracking/src/click/clickInstrumentation.ts"
"faro","f48dc14a6672a6eb4b60cc01e2e56d75bdf23b7d","bebe2546ae1ae37a6dc71e023736725201bec813","2026-08-11 10:48:59 +08:00","README.md;src/faro-click-tracking/openspec/changes/archive/2026-08-06-link-name-data-attribute/design.md;src/faro-click-tracking/openspec/changes/archive/2026-08-06-link-name-data-attribute/proposal.md;src/faro-click-tracking/openspec/changes/archive/2026-08-06-link-name-data-attribute/specs/click-tracking-package/spec.md;src/faro-click-tracking/openspec/changes/archive/2026-08-06-link-name-data-attribute/tasks.md;src/faro-click-tracking/openspec/specs/click-tracking-package/spec.md;src/faro-click-tracking/src/click/clickInstrumentation.test.ts;src/faro-click-tracking/src/click/clickInstrumentation.ts","src/faro-click-tracking/src/click/clickInstrumentation.test.ts;src/faro-click-tracking/src/click/clickInstrumentation.ts"
"faro","bebe2546ae1ae37a6dc71e023736725201bec813","39319cdc104156eee28872194c79bf28c2547dd5","2026-08-11 10:48:49 +08:00","README.md;src/faro-click-tracking/openspec/changes/archive/2026-08-06-link-name-data-attribute/design.md;src/faro-click-tracking/openspec/changes/archive/2026-08-06-link-name-data-attribute/proposal.md;src/faro-click-tracking/openspec/changes/archive/2026-08-06-link-name-data-attribute/specs/click-tracking-package/spec.md;src/faro-click-tracking/openspec/changes/archive/2026-08-06-link-name-data-attribute/tasks.md;src/faro-click-tracking/openspec/specs/click-tracking-package/spec.md;src/faro-click-tracking/src/click/clickInstrumentation.test.ts;src/faro-click-tracking/src/click/clickInstrumentation.ts","src/faro-click-tracking/src/click/clickInstrumentation.test.ts;src/faro-click-tracking/src/click/clickInstrumentation.ts"
"faro","39319cdc104156eee28872194c79bf28c2547dd5","f997e020416fd2d822eb4ec3955e78ca6bbb0bd4 8405dce981f568382e1a0e988caa8937ecf42087","2026-08-10 10:39:33 +08:00","README.md;src/faro-click-tracking/openspec/changes/archive/2026-08-06-link-name-data-attribute/design.md;src/faro-click-tracking/openspec/changes/archive/2026-08-06-link-name-data-attribute/proposal.md;src/faro-click-tracking/openspec/changes/archive/2026-08-06-link-name-data-attribute/specs/click-tracking-package/spec.md;src/faro-click-tracking/openspec/changes/archive/2026-08-06-link-name-data-attribute/tasks.md;src/faro-click-tracking/openspec/specs/click-tracking-package/spec.md;src/faro-click-tracking/src/click/clickInstrumentation.test.ts;src/faro-click-tracking/src/click/clickInstrumentation.ts","src/faro-click-tracking/src/click/clickInstrumentation.test.ts;src/faro-click-tracking/src/click/clickInstrumentation.ts"
"faro","8405dce981f568382e1a0e988caa8937ecf42087","f997e020416fd2d822eb4ec3955e78ca6bbb0bd4","2026-08-10 10:38:08 +08:00","README.md;src/faro-click-tracking/openspec/changes/archive/2026-08-06-link-name-data-attribute/design.md;src/faro-click-tracking/openspec/changes/archive/2026-08-06-link-name-data-attribute/proposal.md;src/faro-click-tracking/openspec/changes/archive/2026-08-06-link-name-data-attribute/specs/click-tracking-package/spec.md;src/faro-click-tracking/openspec/changes/archive/2026-08-06-link-name-data-attribute/tasks.md;src/faro-click-tracking/openspec/specs/click-tracking-package/spec.md;src/faro-click-tracking/src/click/clickInstrumentation.test.ts;src/faro-click-tracking/src/click/clickInstrumentation.ts","src/faro-click-tracking/src/click/clickInstrumentation.test.ts;src/faro-click-tracking/src/click/clickInstrumentation.ts"
"faro","f997e020416fd2d822eb4ec3955e78ca6bbb0bd4","c3b46edb8e71c1d1cec458e22d130be75edef0fd","2026-08-10 10:32:16 +08:00","README.md;src/faro-click-tracking/openspec/changes/archive/2026-08-06-link-name-data-attribute/design.md;src/faro-click-tracking/openspec/changes/archive/2026-08-06-link-name-data-attribute/proposal.md;src/faro-click-tracking/openspec/changes/archive/2026-08-06-link-name-data-attribute/specs/click-tracking-package/spec.md;src/faro-click-tracking/openspec/changes/archive/2026-08-06-link-name-data-attribute/tasks.md;src/faro-click-tracking/openspec/specs/click-tracking-package/spec.md;src/faro-click-tracking/src/click/clickInstrumentation.test.ts;src/faro-click-tracking/src/click/clickInstrumentation.ts","src/faro-click-tracking/src/click/clickInstrumentation.test.ts;src/faro-click-tracking/src/click/clickInstrumentation.ts"
"faro","c3b46edb8e71c1d1cec458e22d130be75edef0fd","b4062fefa39a418fd75a850e92a57859b323f791 14464405ba26315247b610832b46a7608aaee2e2","2026-08-10 09:20:20 +08:00","README.md;src/faro-click-tracking/openspec/changes/archive/2026-08-06-link-name-data-attribute/design.md;src/faro-click-tracking/openspec/changes/archive/2026-08-06-link-name-data-attribute/proposal.md;src/faro-click-tracking/openspec/changes/archive/2026-08-06-link-name-data-attribute/specs/click-tracking-package/spec.md;src/faro-click-tracking/openspec/changes/archive/2026-08-06-link-name-data-attribute/tasks.md;src/faro-click-tracking/openspec/specs/click-tracking-package/spec.md;src/faro-click-tracking/src/click/clickInstrumentation.test.ts;src/faro-click-tracking/src/click/clickInstrumentation.ts","src/faro-click-tracking/src/click/clickInstrumentation.test.ts;src/faro-click-tracking/src/click/clickInstrumentation.ts"
"faro","14464405ba26315247b610832b46a7608aaee2e2","b4062fefa39a418fd75a850e92a57859b323f791","2026-08-10 09:18:57 +08:00","README.md;src/faro-click-tracking/openspec/changes/archive/2026-08-06-link-name-data-attribute/design.md;src/faro-click-tracking/openspec/changes/archive/2026-08-06-link-name-data-attribute/proposal.md;src/faro-click-tracking/openspec/changes/archive/2026-08-06-link-name-data-attribute/specs/click-tracking-package/spec.md;src/faro-click-tracking/openspec/changes/archive/2026-08-06-link-name-data-attribute/tasks.md;src/faro-click-tracking/openspec/specs/click-tracking-package/spec.md;src/faro-click-tracking/src/click/clickInstrumentation.test.ts;src/faro-click-tracking/src/click/clickInstrumentation.ts","src/faro-click-tracking/src/click/clickInstrumentation.test.ts;src/faro-click-tracking/src/click/clickInstrumentation.ts"
"faro","b4062fefa39a418fd75a850e92a57859b323f791","db8b7ab821fb34046f741d4427623799cd93fce3","2026-08-10 08:51:23 +08:00","README.md;src/faro-click-tracking/openspec/changes/archive/2026-08-06-link-name-data-attribute/design.md;src/faro-click-tracking/openspec/changes/archive/2026-08-06-link-name-data-attribute/proposal.md;src/faro-click-tracking/openspec/changes/archive/2026-08-06-link-name-data-attribute/specs/click-tracking-package/spec.md;src/faro-click-tracking/openspec/changes/archive/2026-08-06-link-name-data-attribute/tasks.md;src/faro-click-tracking/openspec/specs/click-tracking-package/spec.md;src/faro-click-tracking/src/click/clickInstrumentation.test.ts;src/faro-click-tracking/src/click/clickInstrumentation.ts","src/faro-click-tracking/src/click/clickInstrumentation.test.ts;src/faro-click-tracking/src/click/clickInstrumentation.ts"
"faro","db8b7ab821fb34046f741d4427623799cd93fce3","7b12ce911d7108b22a2a4d0c740f2de2f847ad44 003f25d02cabcaab783b3a1cf41c4e2d29cfb7a0","2026-08-10 08:42:29 +08:00","README.md;src/faro-click-tracking/openspec/changes/archive/2026-08-06-link-name-data-attribute/design.md;src/faro-click-tracking/openspec/changes/archive/2026-08-06-link-name-data-attribute/proposal.md;src/faro-click-tracking/openspec/changes/archive/2026-08-06-link-name-data-attribute/specs/click-tracking-package/spec.md;src/faro-click-tracking/openspec/changes/archive/2026-08-06-link-name-data-attribute/tasks.md;src/faro-click-tracking/openspec/specs/click-tracking-package/spec.md;src/faro-click-tracking/src/click/clickInstrumentation.test.ts;src/faro-click-tracking/src/click/clickInstrumentation.ts","src/faro-click-tracking/src/click/clickInstrumentation.test.ts;src/faro-click-tracking/src/click/clickInstrumentation.ts"
"faro","003f25d02cabcaab783b3a1cf41c4e2d29cfb7a0","bc9215a6100cf3bf578ff10eecf3390a4a3aa0a9","2026-08-10 08:41:26 +08:00","README.md;src/faro-click-tracking/openspec/changes/archive/2026-08-06-link-name-data-attribute/design.md;src/faro-click-tracking/openspec/changes/archive/2026-08-06-link-name-data-attribute/proposal.md;src/faro-click-tracking/openspec/changes/archive/2026-08-06-link-name-data-attribute/specs/click-tracking-package/spec.md;src/faro-click-tracking/openspec/changes/archive/2026-08-06-link-name-data-attribute/tasks.md;src/faro-click-tracking/openspec/specs/click-tracking-package/spec.md;src/faro-click-tracking/src/click/clickInstrumentation.test.ts;src/faro-click-tracking/src/click/clickInstrumentation.ts","src/faro-click-tracking/src/click/clickInstrumentation.test.ts;src/faro-click-tracking/src/click/clickInstrumentation.ts"
"faro","bc9215a6100cf3bf578ff10eecf3390a4a3aa0a9","dfd19152dece96e2cc6ea4fcb0a3d3a4c418656b","2026-08-10 08:32:35 +08:00","README.md;openspec/changes/archive/2026-08-06-link-name-data-attribute/design.md;openspec/changes/archive/2026-08-06-link-name-data-attribute/proposal.md;openspec/changes/archive/2026-08-06-link-name-data-attribute/specs/click-tracking-package/spec.md;openspec/changes/archive/2026-08-06-link-name-data-attribute/tasks.md;openspec/specs/click-tracking-package/spec.md;src/faro-click-tracking/src/click/clickInstrumentation.test.ts;src/faro-click-tracking/src/click/clickInstrumentation.ts","src/faro-click-tracking/src/click/clickInstrumentation.test.ts;src/faro-click-tracking/src/click/clickInstrumentation.ts"
"faro","dfd19152dece96e2cc6ea4fcb0a3d3a4c418656b","9ca60ad4b052ce0479e267aeb4cfb49716c93b1d 4cdc6513e504a276b4685532340060418b14e52e","2026-08-07 16:29:57 +08:00","README.md;openspec/changes/archive/2026-08-06-link-name-data-attribute/design.md;openspec/changes/archive/2026-08-06-link-name-data-attribute/proposal.md;openspec/changes/archive/2026-08-06-link-name-data-attribute/specs/click-tracking-package/spec.md;openspec/changes/archive/2026-08-06-link-name-data-attribute/tasks.md;openspec/specs/click-tracking-package/spec.md;src/clickInstrumentation.test.ts;src/clickInstrumentation.ts","src/clickInstrumentation.test.ts;src/clickInstrumentation.ts"
"faro","4cdc6513e504a276b4685532340060418b14e52e","56dc548a4215f9e0578fc47ef0dbcc2ceaa52222","2026-08-07 15:49:31 +08:00","README.md;openspec/changes/archive/2026-08-06-link-name-data-attribute/design.md;openspec/changes/archive/2026-08-06-link-name-data-attribute/proposal.md;openspec/changes/archive/2026-08-06-link-name-data-attribute/specs/click-tracking-package/spec.md;openspec/changes/archive/2026-08-06-link-name-data-attribute/tasks.md;openspec/specs/click-tracking-package/spec.md;src/clickInstrumentation.test.ts;src/clickInstrumentation.ts","src/clickInstrumentation.test.ts;src/clickInstrumentation.ts"
"faro","56dc548a4215f9e0578fc47ef0dbcc2ceaa52222","a9232fc88aca37fdcd2cd750654690bbc71dd2c9","2026-08-07 11:48:24 +08:00","README.md;openspec/changes/archive/2026-08-06-link-name-data-attribute/design.md;openspec/changes/archive/2026-08-06-link-name-data-attribute/proposal.md;openspec/changes/archive/2026-08-06-link-name-data-attribute/specs/click-tracking-package/spec.md;openspec/changes/archive/2026-08-06-link-name-data-attribute/tasks.md;openspec/specs/click-tracking-package/spec.md;src/clickInstrumentation.test.ts;src/clickInstrumentation.ts","src/clickInstrumentation.test.ts;src/clickInstrumentation.ts"
"faro","a9232fc88aca37fdcd2cd750654690bbc71dd2c9","6aa88a818a9609ba4c1be4304d815bdc082fb041 9ca60ad4b052ce0479e267aeb4cfb49716c93b1d","2026-08-07 08:31:34 +08:00","README.md;openspec/changes/archive/2026-08-06-link-name-data-attribute/design.md;openspec/changes/archive/2026-08-06-link-name-data-attribute/proposal.md;openspec/changes/archive/2026-08-06-link-name-data-attribute/specs/click-tracking-package/spec.md;openspec/changes/archive/2026-08-06-link-name-data-attribute/tasks.md;openspec/specs/click-tracking-package/spec.md;src/clickInstrumentation.test.ts;src/clickInstrumentation.ts","src/clickInstrumentation.test.ts;src/clickInstrumentation.ts"
"faro","9ca60ad4b052ce0479e267aeb4cfb49716c93b1d","ff363510a91d4a6df903afa8a9ccf67b9c44984a","2026-08-06 17:22:07 +08:00","README.md;openspec/changes/archive/2026-08-06-link-name-data-attribute/design.md;openspec/changes/archive/2026-08-06-link-name-data-attribute/proposal.md;openspec/changes/archive/2026-08-06-link-name-data-attribute/specs/click-tracking-package/spec.md;openspec/changes/archive/2026-08-06-link-name-data-attribute/tasks.md;openspec/specs/click-tracking-package/spec.md;src/clickInstrumentation.test.ts;src/clickInstrumentation.ts","src/clickInstrumentation.test.ts;src/clickInstrumentation.ts"
"faro","ff363510a91d4a6df903afa8a9ccf67b9c44984a","0fbcb33654f24b04cbbb796c89ec50a91e3df5a0","2026-08-06 14:09:22 +08:00","README.md;openspec/changes/link-name-data-attribute/design.md;openspec/changes/link-name-data-attribute/proposal.md;openspec/changes/link-name-data-attribute/specs/click-tracking-package/spec.md;openspec/changes/link-name-data-attribute/tasks.md;src/clickInstrumentation.test.ts;src/clickInstrumentation.ts","src/clickInstrumentation.test.ts;src/clickInstrumentation.ts"
"faro","0fbcb33654f24b04cbbb796c89ec50a91e3df5a0","fe92c2bcaf83a96034a69ac78132e3d1594fbb60","2026-08-06 14:04:01 +08:00","README.md;openspec/changes/link-name-data-attribute/design.md;openspec/changes/link-name-data-attribute/proposal.md;openspec/changes/link-name-data-attribute/specs/click-tracking-package/spec.md;openspec/changes/link-name-data-attribute/tasks.md;src/clickInstrumentation.test.ts;src/clickInstrumentation.ts","src/clickInstrumentation.test.ts;src/clickInstrumentation.ts"
"faro","fe92c2bcaf83a96034a69ac78132e3d1594fbb60","fb21c21b58a9bc70714801d18e0cacf59b1047a3 f1893f010d49e7273c5a17517d630b2f005d4609","2026-08-06 11:36:54 +08:00","README.md;openspec/changes/link-name-data-attribute/design.md;openspec/changes/link-name-data-attribute/proposal.md;openspec/changes/link-name-data-attribute/specs/click-tracking-package/spec.md;openspec/changes/link-name-data-attribute/tasks.md;src/clickInstrumentation.test.ts;src/clickInstrumentation.ts","src/clickInstrumentation.test.ts;src/clickInstrumentation.ts"
"faro","f1893f010d49e7273c5a17517d630b2f005d4609","bd4c040a55ccdf8be30c659978c7bba5f2c5c4d0","2026-08-06 11:31:37 +08:00","README.md;openspec/changes/link-name-data-attribute/design.md;openspec/changes/link-name-data-attribute/proposal.md;openspec/changes/link-name-data-attribute/specs/click-tracking-package/spec.md;openspec/changes/link-name-data-attribute/tasks.md;src/clickInstrumentation.test.ts;src/clickInstrumentation.ts","src/clickInstrumentation.test.ts;src/clickInstrumentation.ts"
"faro","bd4c040a55ccdf8be30c659978c7bba5f2c5c4d0","7d8427b5fb147a29234fb6b3cbeba5138db24a0a","2026-08-06 11:31:14 +08:00","openspec/changes/link-name-data-attribute/design.md;openspec/changes/link-name-data-attribute/proposal.md;openspec/changes/link-name-data-attribute/specs/click-tracking-package/spec.md;openspec/changes/link-name-data-attribute/tasks.md;src/clickInstrumentation.test.ts;src/clickInstrumentation.ts","src/clickInstrumentation.test.ts;src/clickInstrumentation.ts"
"faro","7d8427b5fb147a29234fb6b3cbeba5138db24a0a","88392b13367c2738662d798c87241d1609ba3aa5","2026-08-06 11:30:00 +08:00","openspec/changes/link-name-data-attribute/design.md;openspec/changes/link-name-data-attribute/proposal.md;openspec/changes/link-name-data-attribute/specs/click-tracking-package/spec.md;openspec/changes/link-name-data-attribute/tasks.md",""
"faro","88392b13367c2738662d798c87241d1609ba3aa5","3ec68844ad3ddee710ebd1d024f7efa503386ba1 fb21c21b58a9bc70714801d18e0cacf59b1047a3","2026-08-05 17:01:41 +08:00","",""
"faro","fb21c21b58a9bc70714801d18e0cacf59b1047a3","3ec68844ad3ddee710ebd1d024f7efa503386ba1 eab98b244242f85c45e125d42ad00a1827cb2a27","2026-08-05 16:56:02 +08:00","",""
"faro","eab98b244242f85c45e125d42ad00a1827cb2a27","79c196393b503519bd6a8c272484b10fa495d428","2026-08-05 16:52:59 +08:00","",""
"faro","79c196393b503519bd6a8c272484b10fa495d428","e3f10a407f22874cb68946a9fcc8c43b8a50ec95","2026-08-05 16:52:51 +08:00","",""
"faro","e3f10a407f22874cb68946a9fcc8c43b8a50ec95","c1fba2814b4f3a9e334c8415d41d0d93ff6bf2da","2026-08-05 16:31:29 +08:00","",""
"faro","c1fba2814b4f3a9e334c8415d41d0d93ff6bf2da","3ec68844ad3ddee710ebd1d024f7efa503386ba1","2026-08-05 15:58:28 +08:00","",""
"faro","3ec68844ad3ddee710ebd1d024f7efa503386ba1","a1c034a7c55083794a577004f0b16583c912694b","2026-08-04 16:28:56 +08:00","",""
"faro","a1c034a7c55083794a577004f0b16583c912694b","c18cd9c31c392438d1247a80ad95bbb63039ab67 dcee2524f86f00fb4b5e7f965781d6757a872770","2026-08-04 16:28:06 +08:00","",""
"faro","dcee2524f86f00fb4b5e7f965781d6757a872770","7d6170915fc11e411fa0df5637b4a1ba78752db3","2026-08-04 16:25:28 +08:00","",""
"faro","7d6170915fc11e411fa0df5637b4a1ba78752db3","83616e808832e4c3f91a1dda782fd69c4017ce02","2026-08-04 16:25:18 +08:00","",""
"faro","83616e808832e4c3f91a1dda782fd69c4017ce02","c18cd9c31c392438d1247a80ad95bbb63039ab67","2026-08-04 16:24:47 +08:00","",""
"faro","c18cd9c31c392438d1247a80ad95bbb63039ab67","4a72385cfc7d37a84630b760f6c4901cfca04c9f","2026-08-04 15:09:15 +08:00","",""
"faro","4a72385cfc7d37a84630b760f6c4901cfca04c9f","03e29433724b39a4b8b002700e6e6d96ea166325 99fe8b7ec27a5028296d96e20a0a15377eddbe48","2026-08-04 15:01:07 +08:00","",""
"faro","99fe8b7ec27a5028296d96e20a0a15377eddbe48","03e29433724b39a4b8b002700e6e6d96ea166325","2026-08-04 15:00:01 +08:00","",""
"faro","03e29433724b39a4b8b002700e6e6d96ea166325","55eed97262576eef4c013259c90f9e4a79a9463c 940e4eefcce697f9b6478a1d37acfd12d28349ec","2026-08-04 14:58:07 +08:00","",""
"faro","940e4eefcce697f9b6478a1d37acfd12d28349ec","267f8dab4b7f3a3a5e657f8f34d7b46606387fc3 b5d3695e2b9eb99ee6565336f6737c395b6934a0","2026-08-04 14:56:21 +08:00","",""
"faro","b5d3695e2b9eb99ee6565336f6737c395b6934a0","f2fcd3937e2a630b90dab954007caa1b33eb9c6a","2026-08-04 14:52:18 +08:00","",""
"faro","f2fcd3937e2a630b90dab954007caa1b33eb9c6a","55eed97262576eef4c013259c90f9e4a79a9463c","2026-08-04 14:52:06 +08:00","",""
"faro","55eed97262576eef4c013259c90f9e4a79a9463c","975d10e2fe51fbc14607b63aef2161554b70179c","2026-08-04 09:14:19 +08:00","",""
"faro","975d10e2fe51fbc14607b63aef2161554b70179c","fc909e6d2cedbac810b61f01aef3e3a76a80ecc3","2026-08-03 16:34:42 +08:00","",""
"faro","fc909e6d2cedbac810b61f01aef3e3a76a80ecc3","08d7b10286693250ddd36a4771929dcbb35df7a8","2026-08-03 16:30:40 +08:00","",""
"faro","08d7b10286693250ddd36a4771929dcbb35df7a8","","2026-08-03 15:40:40 +08:00","",""
"faro","267f8dab4b7f3a3a5e657f8f34d7b46606387fc3","55eed97262576eef4c013259c90f9e4a79a9463c 1bacebf9ebaedad18f9a3da42defe4e845d6e214","2026-08-04 14:55:21 +08:00","",""
"faro","1bacebf9ebaedad18f9a3da42defe4e845d6e214","ca043905366203c4f7dfae35b4f097e870201c36","2026-08-04 14:50:57 +08:00","",""
"faro","ca043905366203c4f7dfae35b4f097e870201c36","55eed97262576eef4c013259c90f9e4a79a9463c","2026-08-04 14:50:46 +08:00","",""
"faro","6aa88a818a9609ba4c1be4304d815bdc082fb041","88392b13367c2738662d798c87241d1609ba3aa5 0fbcb33654f24b04cbbb796c89ec50a91e3df5a0","2026-08-06 14:07:04 +08:00","README.md;openspec/changes/link-name-data-attribute/design.md;openspec/changes/link-name-data-attribute/proposal.md;openspec/changes/link-name-data-attribute/specs/click-tracking-package/spec.md;openspec/changes/link-name-data-attribute/tasks.md;src/clickInstrumentation.test.ts;src/clickInstrumentation.ts","src/clickInstrumentation.test.ts;src/clickInstrumentation.ts"
"faro","7b12ce911d7108b22a2a4d0c740f2de2f847ad44","dfd19152dece96e2cc6ea4fcb0a3d3a4c418656b bc9215a6100cf3bf578ff10eecf3390a4a3aa0a9","2026-08-10 08:34:33 +08:00","README.md;openspec/changes/archive/2026-08-06-link-name-data-attribute/design.md;openspec/changes/archive/2026-08-06-link-name-data-attribute/proposal.md;openspec/changes/archive/2026-08-06-link-name-data-attribute/specs/click-tracking-package/spec.md;openspec/changes/archive/2026-08-06-link-name-data-attribute/tasks.md;openspec/specs/click-tracking-package/spec.md;src/faro-click-tracking/src/click/clickInstrumentation.test.ts;src/faro-click-tracking/src/click/clickInstrumentation.ts","src/faro-click-tracking/src/click/clickInstrumentation.test.ts;src/faro-click-tracking/src/click/clickInstrumentation.ts"
"faro","43f6fd628b66b635c98aaf507917a8f573af8322","39319cdc104156eee28872194c79bf28c2547dd5 f48dc14a6672a6eb4b60cc01e2e56d75bdf23b7d","2026-08-11 10:55:50 +08:00","README.md;src/faro-click-tracking/openspec/changes/archive/2026-08-06-link-name-data-attribute/design.md;src/faro-click-tracking/openspec/changes/archive/2026-08-06-link-name-data-attribute/proposal.md;src/faro-click-tracking/openspec/changes/archive/2026-08-06-link-name-data-attribute/specs/click-tracking-package/spec.md;src/faro-click-tracking/openspec/changes/archive/2026-08-06-link-name-data-attribute/tasks.md;src/faro-click-tracking/openspec/specs/click-tracking-package/spec.md;src/faro-click-tracking/src/click/clickInstrumentation.test.ts;src/faro-click-tracking/src/click/clickInstrumentation.ts","src/faro-click-tracking/src/click/clickInstrumentation.test.ts;src/faro-click-tracking/src/click/clickInstrumentation.ts"
"faro","b6c261cf0f67f43a73f48e9ec72898a605f3ad61","b40c371c1018bd476d443001a06dcbd9b4aa68e4 0d42e4015d156eaa1cb60d77850523199adbc706","2026-08-12 15:12:05 +08:00","README.md;src/faro-click-tracking/openspec/changes/archive/2026-08-06-link-name-data-attribute/design.md;src/faro-click-tracking/openspec/changes/archive/2026-08-06-link-name-data-attribute/proposal.md;src/faro-click-tracking/openspec/changes/archive/2026-08-06-link-name-data-attribute/specs/click-tracking-package/spec.md;src/faro-click-tracking/openspec/changes/archive/2026-08-06-link-name-data-attribute/tasks.md;src/faro-click-tracking/openspec/changes/opt-in-link-tracking/design.md;src/faro-click-tracking/openspec/changes/opt-in-link-tracking/proposal.md;src/faro-click-tracking/openspec/changes/opt-in-link-tracking/specs/click-tracking-package/spec.md;src/faro-click-tracking/openspec/changes/opt-in-link-tracking/tasks.md;src/faro-click-tracking/openspec/specs/click-tracking-package/spec.md;src/faro-click-tracking/src/click/clickInstrumentation.test.ts;src/faro-click-tracking/src/click/clickInstrumentation.ts;src/faro-click-tracking/src/initFaro.ts","src/faro-click-tracking/src/click/clickInstrumentation.test.ts;src/faro-click-tracking/src/click/clickInstrumentation.ts;src/faro-click-tracking/src/initFaro.ts"
"faro","b40c371c1018bd476d443001a06dcbd9b4aa68e4","96c9fde3b0488382832155cc1a1f091556ca62c5 1e54a5125df63a154f656edc8beac7d70a9346a9","2026-08-12 15:01:14 +08:00","README.md;src/faro-click-tracking/openspec/changes/archive/2026-08-06-link-name-data-attribute/design.md;src/faro-click-tracking/openspec/changes/archive/2026-08-06-link-name-data-attribute/proposal.md;src/faro-click-tracking/openspec/changes/archive/2026-08-06-link-name-data-attribute/specs/click-tracking-package/spec.md;src/faro-click-tracking/openspec/changes/archive/2026-08-06-link-name-data-attribute/tasks.md;src/faro-click-tracking/openspec/changes/opt-in-link-tracking/design.md;src/faro-click-tracking/openspec/changes/opt-in-link-tracking/proposal.md;src/faro-click-tracking/openspec/changes/opt-in-link-tracking/specs/click-tracking-package/spec.md;src/faro-click-tracking/openspec/changes/opt-in-link-tracking/tasks.md;src/faro-click-tracking/openspec/specs/click-tracking-package/spec.md;src/faro-click-tracking/src/click/clickInstrumentation.test.ts;src/faro-click-tracking/src/click/clickInstrumentation.ts;src/faro-click-tracking/src/initFaro.ts","src/faro-click-tracking/src/click/clickInstrumentation.test.ts;src/faro-click-tracking/src/click/clickInstrumentation.ts;src/faro-click-tracking/src/initFaro.ts"
"faro","b4aa70ee2e59d4a223f5cf9013a30e79eb29e807","0ba00bb63d6292223967865563ddac0674575d89","2026-08-13 09:25:18 +08:00","README.md;src/faro-click-tracking/openspec/changes/add-custom-track-attributes/design.md;src/faro-click-tracking/openspec/changes/add-custom-track-attributes/proposal.md;src/faro-click-tracking/openspec/changes/add-custom-track-attributes/specs/click-tracking-package/spec.md;src/faro-click-tracking/openspec/changes/archive/2026-08-06-link-name-data-attribute/design.md;src/faro-click-tracking/openspec/changes/archive/2026-08-06-link-name-data-attribute/proposal.md;src/faro-click-tracking/openspec/changes/archive/2026-08-06-link-name-data-attribute/specs/click-tracking-package/spec.md;src/faro-click-tracking/openspec/changes/archive/2026-08-06-link-name-data-attribute/tasks.md;src/faro-click-tracking/openspec/changes/opt-in-link-tracking/design.md;src/faro-click-tracking/openspec/changes/opt-in-link-tracking/proposal.md;src/faro-click-tracking/openspec/changes/opt-in-link-tracking/specs/click-tracking-package/spec.md;src/faro-click-tracking/openspec/changes/opt-in-link-tracking/tasks.md;src/faro-click-tracking/openspec/specs/click-tracking-package/spec.md;src/faro-click-tracking/src/click/clickInstrumentation.test.ts;src/faro-click-tracking/src/click/clickInstrumentation.ts;src/faro-click-tracking/src/initFaro.ts","src/faro-click-tracking/src/click/clickInstrumentation.test.ts;src/faro-click-tracking/src/click/clickInstrumentation.ts;src/faro-click-tracking/src/initFaro.ts"
"faro","6f27a667d7e30176157a241788e5a211958df78a","95dc76bb1f5894aa478564b8c14cb9cf62dc8926 91a30315bb9e1ab7ec5989223428b12e89088139","2026-08-17 11:06:49 +08:00","README.md;src/faro-click-tracking/openspec/changes/add-custom-track-attributes/design.md;src/faro-click-tracking/openspec/changes/add-custom-track-attributes/proposal.md;src/faro-click-tracking/openspec/changes/add-custom-track-attributes/specs/click-tracking-package/spec.md;src/faro-click-tracking/openspec/changes/archive/2026-08-06-link-name-data-attribute/design.md;src/faro-click-tracking/openspec/changes/archive/2026-08-06-link-name-data-attribute/proposal.md;src/faro-click-tracking/openspec/changes/archive/2026-08-06-link-name-data-attribute/specs/click-tracking-package/spec.md;src/faro-click-tracking/openspec/changes/archive/2026-08-06-link-name-data-attribute/tasks.md;src/faro-click-tracking/openspec/changes/host-defined-click-payload/design.md;src/faro-click-tracking/openspec/changes/host-defined-click-payload/proposal.md;src/faro-click-tracking/openspec/changes/host-defined-click-payload/specs/click-tracking-package/spec.md;src/faro-click-tracking/openspec/changes/host-defined-click-payload/tasks.md;src/faro-click-tracking/openspec/changes/opt-in-link-tracking/design.md;src/faro-click-tracking/openspec/changes/opt-in-link-tracking/proposal.md;src/faro-click-tracking/openspec/changes/opt-in-link-tracking/specs/click-tracking-package/spec.md;src/faro-click-tracking/openspec/changes/opt-in-link-tracking/tasks.md;src/faro-click-tracking/openspec/changes/simplify-click-link-name-tracking/design.md;src/faro-click-tracking/openspec/changes/simplify-click-link-name-tracking/proposal.md;src/faro-click-tracking/openspec/changes/simplify-click-link-name-tracking/specs/click-tracking-package/spec.md;src/faro-click-tracking/openspec/changes/simplify-click-link-name-tracking/tasks.md;src/faro-click-tracking/openspec/specs/click-tracking-package/spec.md",""
"faro","1e7235c2b1caf71f05ca3b62c3a2da2700d366f7","535a39b8890c84501771e4af8498c14055f35641","2026-08-18 09:19:46 +08:00","README.md;src/faro-click-tracking/openspec/changes/add-custom-track-attributes/design.md;src/faro-click-tracking/openspec/changes/add-custom-track-attributes/proposal.md;src/faro-click-tracking/openspec/changes/add-custom-track-attributes/specs/click-tracking-package/spec.md;src/faro-click-tracking/openspec/changes/archive/2026-08-06-link-name-data-attribute/design.md;src/faro-click-tracking/openspec/changes/archive/2026-08-06-link-name-data-attribute/proposal.md;src/faro-click-tracking/openspec/changes/archive/2026-08-06-link-name-data-attribute/specs/click-tracking-package/spec.md;src/faro-click-tracking/openspec/changes/archive/2026-08-06-link-name-data-attribute/tasks.md;src/faro-click-tracking/openspec/changes/host-defined-click-payload/design.md;src/faro-click-tracking/openspec/changes/host-defined-click-payload/proposal.md;src/faro-click-tracking/openspec/changes/host-defined-click-payload/specs/click-tracking-package/spec.md;src/faro-click-tracking/openspec/changes/host-defined-click-payload/tasks.md;src/faro-click-tracking/openspec/changes/opt-in-link-tracking/design.md;src/faro-click-tracking/openspec/changes/opt-in-link-tracking/proposal.md;src/faro-click-tracking/openspec/changes/opt-in-link-tracking/specs/click-tracking-package/spec.md;src/faro-click-tracking/openspec/changes/opt-in-link-tracking/tasks.md;src/faro-click-tracking/openspec/changes/simplify-click-link-name-tracking/design.md;src/faro-click-tracking/openspec/changes/simplify-click-link-name-tracking/proposal.md;src/faro-click-tracking/openspec/changes/simplify-click-link-name-tracking/specs/click-tracking-package/spec.md;src/faro-click-tracking/openspec/changes/simplify-click-link-name-tracking/tasks.md;src/faro-click-tracking/openspec/specs/click-tracking-package/spec.md",""
"faro","535a39b8890c84501771e4af8498c14055f35641","3721594ea253a7c3ccbcee88980bd4c9027c8e7b","2026-08-18 08:46:27 +08:00","README.md;src/faro-click-tracking/openspec/changes/add-custom-track-attributes/design.md;src/faro-click-tracking/openspec/changes/add-custom-track-attributes/proposal.md;src/faro-click-tracking/openspec/changes/add-custom-track-attributes/specs/click-tracking-package/spec.md;src/faro-click-tracking/openspec/changes/archive/2026-08-06-link-name-data-attribute/design.md;src/faro-click-tracking/openspec/changes/archive/2026-08-06-link-name-data-attribute/proposal.md;src/faro-click-tracking/openspec/changes/archive/2026-08-06-link-name-data-attribute/specs/click-tracking-package/spec.md;src/faro-click-tracking/openspec/changes/archive/2026-08-06-link-name-data-attribute/tasks.md;src/faro-click-tracking/openspec/changes/host-defined-click-payload/design.md;src/faro-click-tracking/openspec/changes/host-defined-click-payload/proposal.md;src/faro-click-tracking/openspec/changes/host-defined-click-payload/specs/click-tracking-package/spec.md;src/faro-click-tracking/openspec/changes/host-defined-click-payload/tasks.md;src/faro-click-tracking/openspec/changes/opt-in-link-tracking/design.md;src/faro-click-tracking/openspec/changes/opt-in-link-tracking/proposal.md;src/faro-click-tracking/openspec/changes/opt-in-link-tracking/specs/click-tracking-package/spec.md;src/faro-click-tracking/openspec/changes/opt-in-link-tracking/tasks.md;src/faro-click-tracking/openspec/changes/simplify-click-link-name-tracking/design.md;src/faro-click-tracking/openspec/changes/simplify-click-link-name-tracking/proposal.md;src/faro-click-tracking/openspec/changes/simplify-click-link-name-tracking/specs/click-tracking-package/spec.md;src/faro-click-tracking/openspec/changes/simplify-click-link-name-tracking/tasks.md;src/faro-click-tracking/openspec/specs/click-tracking-package/spec.md",""
"faro","3721594ea253a7c3ccbcee88980bd4c9027c8e7b","7a5bd888371d6dfb895a507ec9aa4ee520df1d87 43ff0f1cac09a01565b36bc356016f5c95548d2d","2026-08-18 08:45:08 +08:00","README.md;src/faro-click-tracking/openspec/changes/add-custom-track-attributes/design.md;src/faro-click-tracking/openspec/changes/add-custom-track-attributes/proposal.md;src/faro-click-tracking/openspec/changes/add-custom-track-attributes/specs/click-tracking-package/spec.md;src/faro-click-tracking/openspec/changes/archive/2026-08-06-link-name-data-attribute/design.md;src/faro-click-tracking/openspec/changes/archive/2026-08-06-link-name-data-attribute/proposal.md;src/faro-click-tracking/openspec/changes/archive/2026-08-06-link-name-data-attribute/specs/click-tracking-package/spec.md;src/faro-click-tracking/openspec/changes/archive/2026-08-06-link-name-data-attribute/tasks.md;src/faro-click-tracking/openspec/changes/host-defined-click-payload/design.md;src/faro-click-tracking/openspec/changes/host-defined-click-payload/proposal.md;src/faro-click-tracking/openspec/changes/host-defined-click-payload/specs/click-tracking-package/spec.md;src/faro-click-tracking/openspec/changes/host-defined-click-payload/tasks.md;src/faro-click-tracking/openspec/changes/opt-in-link-tracking/design.md;src/faro-click-tracking/openspec/changes/opt-in-link-tracking/proposal.md;src/faro-click-tracking/openspec/changes/opt-in-link-tracking/specs/click-tracking-package/spec.md;src/faro-click-tracking/openspec/changes/opt-in-link-tracking/tasks.md;src/faro-click-tracking/openspec/changes/simplify-click-link-name-tracking/design.md;src/faro-click-tracking/openspec/changes/simplify-click-link-name-tracking/proposal.md;src/faro-click-tracking/openspec/changes/simplify-click-link-name-tracking/specs/click-tracking-package/spec.md;src/faro-click-tracking/openspec/changes/simplify-click-link-name-tracking/tasks.md;src/faro-click-tracking/openspec/specs/click-tracking-package/spec.md",""
"faro","7a5bd888371d6dfb895a507ec9aa4ee520df1d87","3ae28276585ce4fb1a3288cf5f736923a18dc0f9 1bc069fa013958763926f91982a9a917beabfd67","2026-08-17 16:45:59 +08:00","README.md;src/faro-click-tracking/openspec/changes/add-custom-track-attributes/design.md;src/faro-click-tracking/openspec/changes/add-custom-track-attributes/proposal.md;src/faro-click-tracking/openspec/changes/add-custom-track-attributes/specs/click-tracking-package/spec.md;src/faro-click-tracking/openspec/changes/archive/2026-08-06-link-name-data-attribute/design.md;src/faro-click-tracking/openspec/changes/archive/2026-08-06-link-name-data-attribute/proposal.md;src/faro-click-tracking/openspec/changes/archive/2026-08-06-link-name-data-attribute/specs/click-tracking-package/spec.md;src/faro-click-tracking/openspec/changes/archive/2026-08-06-link-name-data-attribute/tasks.md;src/faro-click-tracking/openspec/changes/host-defined-click-payload/design.md;src/faro-click-tracking/openspec/changes/host-defined-click-payload/proposal.md;src/faro-click-tracking/openspec/changes/host-defined-click-payload/specs/click-tracking-package/spec.md;src/faro-click-tracking/openspec/changes/host-defined-click-payload/tasks.md;src/faro-click-tracking/openspec/changes/opt-in-link-tracking/design.md;src/faro-click-tracking/openspec/changes/opt-in-link-tracking/proposal.md;src/faro-click-tracking/openspec/changes/opt-in-link-tracking/specs/click-tracking-package/spec.md;src/faro-click-tracking/openspec/changes/opt-in-link-tracking/tasks.md;src/faro-click-tracking/openspec/changes/simplify-click-link-name-tracking/design.md;src/faro-click-tracking/openspec/changes/simplify-click-link-name-tracking/proposal.md;src/faro-click-tracking/openspec/changes/simplify-click-link-name-tracking/specs/click-tracking-package/spec.md;src/faro-click-tracking/openspec/changes/simplify-click-link-name-tracking/tasks.md;src/faro-click-tracking/openspec/specs/click-tracking-package/spec.md",""
"faro","1bc069fa013958763926f91982a9a917beabfd67","7659a49fd86fe39c50347282517f5b0d3974b731 5b33de5e22c0471b9c2b85c25051222080e0f2f0","2026-08-17 16:44:29 +08:00","README.md;src/faro-click-tracking/openspec/changes/add-custom-track-attributes/design.md;src/faro-click-tracking/openspec/changes/add-custom-track-attributes/proposal.md;src/faro-click-tracking/openspec/changes/add-custom-track-attributes/specs/click-tracking-package/spec.md;src/faro-click-tracking/openspec/changes/archive/2026-08-06-link-name-data-attribute/design.md;src/faro-click-tracking/openspec/changes/archive/2026-08-06-link-name-data-attribute/proposal.md;src/faro-click-tracking/openspec/changes/archive/2026-08-06-link-name-data-attribute/specs/click-tracking-package/spec.md;src/faro-click-tracking/openspec/changes/archive/2026-08-06-link-name-data-attribute/tasks.md;src/faro-click-tracking/openspec/changes/host-defined-click-payload/design.md;src/faro-click-tracking/openspec/changes/host-defined-click-payload/proposal.md;src/faro-click-tracking/openspec/changes/host-defined-click-payload/specs/click-tracking-package/spec.md;src/faro-click-tracking/openspec/changes/host-defined-click-payload/tasks.md;src/faro-click-tracking/openspec/changes/opt-in-link-tracking/design.md;src/faro-click-tracking/openspec/changes/opt-in-link-tracking/proposal.md;src/faro-click-tracking/openspec/changes/opt-in-link-tracking/specs/click-tracking-package/spec.md;src/faro-click-tracking/openspec/changes/opt-in-link-tracking/tasks.md;src/faro-click-tracking/openspec/changes/simplify-click-link-name-tracking/design.md;src/faro-click-tracking/openspec/changes/simplify-click-link-name-tracking/proposal.md;src/faro-click-tracking/openspec/changes/simplify-click-link-name-tracking/specs/click-tracking-package/spec.md;src/faro-click-tracking/openspec/changes/simplify-click-link-name-tracking/tasks.md;src/faro-click-tracking/openspec/specs/click-tracking-package/spec.md",""
"faro","7659a49fd86fe39c50347282517f5b0d3974b731","8f44fb68f2c48a38a962dcb0386f067b2e4f82b7 51b652c5b6edc1bda16b0f56cd5bc5a4d76c9f31","2026-08-17 15:55:25 +08:00","README.md;src/faro-click-tracking/openspec/changes/add-custom-track-attributes/design.md;src/faro-click-tracking/openspec/changes/add-custom-track-attributes/proposal.md;src/faro-click-tracking/openspec/changes/add-custom-track-attributes/specs/click-tracking-package/spec.md;src/faro-click-tracking/openspec/changes/archive/2026-08-06-link-name-data-attribute/design.md;src/faro-click-tracking/openspec/changes/archive/2026-08-06-link-name-data-attribute/proposal.md;src/faro-click-tracking/openspec/changes/archive/2026-08-06-link-name-data-attribute/specs/click-tracking-package/spec.md;src/faro-click-tracking/openspec/changes/archive/2026-08-06-link-name-data-attribute/tasks.md;src/faro-click-tracking/openspec/changes/host-defined-click-payload/design.md;src/faro-click-tracking/openspec/changes/host-defined-click-payload/proposal.md;src/faro-click-tracking/openspec/changes/host-defined-click-payload/specs/click-tracking-package/spec.md;src/faro-click-tracking/openspec/changes/host-defined-click-payload/tasks.md;src/faro-click-tracking/openspec/changes/opt-in-link-tracking/design.md;src/faro-click-tracking/openspec/changes/opt-in-link-tracking/proposal.md;src/faro-click-tracking/openspec/changes/opt-in-link-tracking/specs/click-tracking-package/spec.md;src/faro-click-tracking/openspec/changes/opt-in-link-tracking/tasks.md;src/faro-click-tracking/openspec/changes/simplify-click-link-name-tracking/design.md;src/faro-click-tracking/openspec/changes/simplify-click-link-name-tracking/proposal.md;src/faro-click-tracking/openspec/changes/simplify-click-link-name-tracking/specs/click-tracking-package/spec.md;src/faro-click-tracking/openspec/changes/simplify-click-link-name-tracking/tasks.md;src/faro-click-tracking/openspec/specs/click-tracking-package/spec.md",""
"faro","3ae28276585ce4fb1a3288cf5f736923a18dc0f9","8f44fb68f2c48a38a962dcb0386f067b2e4f82b7","2026-08-17 16:45:55 +08:00","README.md;src/faro-click-tracking/openspec/changes/add-custom-track-attributes/design.md;src/faro-click-tracking/openspec/changes/add-custom-track-attributes/proposal.md;src/faro-click-tracking/openspec/changes/add-custom-track-attributes/specs/click-tracking-package/spec.md;src/faro-click-tracking/openspec/changes/archive/2026-08-06-link-name-data-attribute/design.md;src/faro-click-tracking/openspec/changes/archive/2026-08-06-link-name-data-attribute/proposal.md;src/faro-click-tracking/openspec/changes/archive/2026-08-06-link-name-data-attribute/specs/click-tracking-package/spec.md;src/faro-click-tracking/openspec/changes/archive/2026-08-06-link-name-data-attribute/tasks.md;src/faro-click-tracking/openspec/changes/host-defined-click-payload/design.md;src/faro-click-tracking/openspec/changes/host-defined-click-payload/proposal.md;src/faro-click-tracking/openspec/changes/host-defined-click-payload/specs/click-tracking-package/spec.md;src/faro-click-tracking/openspec/changes/host-defined-click-payload/tasks.md;src/faro-click-tracking/openspec/changes/opt-in-link-tracking/design.md;src/faro-click-tracking/openspec/changes/opt-in-link-tracking/proposal.md;src/faro-click-tracking/openspec/changes/opt-in-link-tracking/specs/click-tracking-package/spec.md;src/faro-click-tracking/openspec/changes/opt-in-link-tracking/tasks.md;src/faro-click-tracking/openspec/changes/simplify-click-link-name-tracking/design.md;src/faro-click-tracking/openspec/changes/simplify-click-link-name-tracking/proposal.md;src/faro-click-tracking/openspec/changes/simplify-click-link-name-tracking/specs/click-tracking-package/spec.md;src/faro-click-tracking/openspec/changes/simplify-click-link-name-tracking/tasks.md;src/faro-click-tracking/openspec/specs/click-tracking-package/spec.md",""
